session_id,station_age_years,power_kw,num_bays,connector_type,zone,hour,day_of_week,is_weekend,ambient_temp_c,grid_load_index,start_soc_pct,battery_capacity_kwh,vehicle_segment,duration_mins,energy_kwh,failed
VG-SES-002269,2.0,15.0,1,Type2 AC,Kukatpally,19,4,0,35.3,0.838,35.2,35.5,4W,368.0,18.97,0
VG-SES-043378,3.0,30.0,1,Bharat AC-001,Uppal,19,3,0,30.8,0.887,72.0,2.5,2W,702.0,0.73,0
VG-SES-011699,3.0,150.0,5,CCS2,Kukatpally,19,3,0,34.1,0.801,47.8,2.7,2W,31.0,0.33,0
VG-SES-019729,7.0,30.0,4,Type2 AC,Gachibowli,8,1,0,22.0,0.616,38.3,8.7,3W,262.0,0.0,1
VG-SES-020014,2.0,180.0,8,CHAdeMO,Madhapur,8,3,0,24.7,0.643,48.5,6.6,3W,10.0,0.25,0
VG-SES-035989,7.0,30.0,4,Type2 AC,Gachibowli,9,6,1,29.6,0.635,44.2,4.1,2W,102.0,1.25,0
VG-SES-009169,7.0,120.0,7,CCS2,Madhapur,8,4,0,32.0,0.587,65.6,52.1,4W,29.0,10.35,0
VG-SES-015496,2.0,60.0,2,CCS2,Gachibowli,8,5,1,19.1,0.544,20.7,67.0,4W,124.0,35.31,0
VG-SES-040314,4.0,30.0,4,Bharat AC-001,Gachibowli,20,3,0,21.8,0.814,46.0,4.5,2W,150.0,2.2,0
VG-SES-039982,4.0,60.0,3,Type2 AC,Madhapur,15,3,0,35.2,0.566,41.1,38.3,4W,213.0,17.89,0
VG-SES-042155,3.0,150.0,5,CCS2,Kukatpally,11,6,1,28.5,0.527,20.1,3.0,2W,76.0,0.98,0
VG-SES-024807,7.0,30.0,4,Type2 AC,Gachibowli,10,4,0,34.5,0.689,33.5,2.6,2W,69.0,0.07,0
VG-SES-035605,5.0,180.0,5,CHAdeMO,Gachibowli,20,5,1,32.8,0.815,36.5,2.0,2W,42.0,0.0,1
VG-SES-035704,2.0,60.0,2,CCS2,Gachibowli,15,5,1,40.6,0.463,52.6,58.6,4W,268.0,27.74,0
VG-SES-021531,4.0,150.0,3,CCS2,Uppal,20,3,0,35.9,0.798,44.5,11.5,3W,22.0,1.04,0
VG-SES-006081,3.0,30.0,1,Bharat AC-001,Uppal,19,0,0,36.5,0.825,68.9,2.1,2W,271.0,0.23,0
VG-SES-015135,6.0,150.0,4,GB/T,Secunderabad,13,1,0,24.9,0.523,18.0,2.1,2W,32.0,0.26,0
VG-SES-025095,6.0,150.0,4,GB/T,Secunderabad,13,6,1,34.0,0.534,20.7,63.5,4W,28.0,12.34,0
VG-SES-021806,2.0,15.0,1,Type2 AC,Kukatpally,22,5,1,23.7,0.655,45.8,49.0,4W,382.0,10.82,0
VG-SES-030443,7.0,30.0,4,Type2 AC,Gachibowli,9,5,1,31.6,0.579,61.1,59.1,4W,167.0,22.59,0
VG-SES-024343,4.0,150.0,3,CCS2,Uppal,7,0,0,31.7,0.627,54.5,2.4,2W,33.0,0.34,0
VG-SES-028946,5.0,180.0,5,CHAdeMO,Gachibowli,20,4,0,21.5,0.829,44.8,41.0,4W,47.0,12.67,0
VG-SES-042479,6.0,150.0,4,GB/T,Secunderabad,12,1,0,42.0,0.604,14.3,73.0,4W,51.0,24.27,0
VG-SES-033809,3.0,150.0,5,CCS2,Kukatpally,18,5,1,36.1,0.779,54.9,3.1,2W,18.0,0.22,0
VG-SES-013537,3.0,30.0,2,Type2 AC,Secunderabad,8,3,0,31.5,0.651,35.5,2.2,2W,189.0,0.49,0
VG-SES-015180,2.0,180.0,8,CHAdeMO,Madhapur,8,4,0,33.1,0.61,49.7,7.1,3W,41.0,1.29,0
VG-SES-012347,2.0,180.0,8,CHAdeMO,Madhapur,21,0,0,27.7,0.731,10.1,69.7,4W,53.0,5.75,0
VG-SES-011212,4.0,60.0,3,Type2 AC,Madhapur,10,6,1,21.5,0.588,42.0,9.6,3W,87.0,3.28,0
VG-SES-023075,5.0,180.0,5,CHAdeMO,Gachibowli,8,1,0,30.0,0.633,29.5,57.5,4W,34.0,14.18,0
VG-SES-015826,5.0,30.0,1,Type2 AC,Secunderabad,1,1,0,30.4,0.411,55.9,8.5,4W,511.0,3.74,0
VG-SES-015547,2.0,60.0,2,CCS2,Gachibowli,11,2,0,38.8,0.545,22.6,65.6,4W,150.0,20.0,0
VG-SES-030544,2.0,180.0,8,CHAdeMO,Madhapur,20,6,1,38.6,0.763,15.2,2.2,2W,42.0,0.42,0
VG-SES-007176,2.0,60.0,2,CCS2,Gachibowli,9,1,0,23.3,0.639,33.1,4.3,2W,85.0,1.55,0
VG-SES-039458,3.0,30.0,1,Bharat AC-001,Uppal,22,4,0,25.9,0.646,32.8,25.9,4W,542.0,7.07,0
VG-SES-026176,7.0,30.0,2,Bharat AC-001,Kukatpally,22,0,0,27.8,0.659,39.7,42.1,4W,303.0,10.46,0
VG-SES-014419,5.0,180.0,5,CHAdeMO,Gachibowli,11,4,0,25.3,0.589,69.5,198.1,Bus,24.0,23.1,0
VG-SES-028998,5.0,30.0,1,Type2 AC,Secunderabad,20,0,0,24.8,0.746,47.1,2.8,2W,631.0,1.36,0
VG-SES-018785,2.0,60.0,2,CCS2,Gachibowli,10,2,0,38.0,0.551,23.5,3.4,2W,110.0,1.46,0
VG-SES-015480,7.0,30.0,2,Bharat AC-001,Kukatpally,1,6,1,25.9,0.41,37.7,75.0,4W,282.0,15.86,0
VG-SES-028628,5.0,60.0,3,CCS2,Kukatpally,17,1,0,34.1,0.7,9.7,7.9,3W,129.0,4.38,0
VG-SES-010461,2.0,60.0,2,CCS2,Gachibowli,9,0,0,25.7,0.691,35.0,70.7,4W,181.0,19.48,0
VG-SES-033353,2.0,15.0,1,Type2 AC,Kukatpally,22,6,1,25.4,0.66,23.9,4.3,2W,240.0,2.37,0
VG-SES-035013,3.0,30.0,1,Bharat AC-001,Uppal,20,0,0,26.5,0.859,36.3,59.5,4W,382.0,24.96,0
VG-SES-018332,4.0,60.0,3,Type2 AC,Madhapur,16,0,0,39.7,0.584,20.0,3.0,2W,206.0,1.81,0
VG-SES-024228,4.0,150.0,3,CCS2,Uppal,18,2,0,38.8,0.796,70.0,37.8,4W,13.0,3.36,0
VG-SES-000486,7.0,30.0,4,Type2 AC,Gachibowli,17,1,0,31.0,0.727,26.6,7.4,3W,120.0,0.0,1
VG-SES-026090,6.0,30.0,3,Type2 AC,Madhapur,22,4,0,29.7,0.735,43.1,9.1,3W,334.0,3.57,0
VG-SES-002334,3.0,30.0,1,Bharat AC-001,Uppal,0,6,1,18.2,0.54,34.7,4.4,2W,261.0,1.78,0
VG-SES-005518,2.0,15.0,1,Type2 AC,Kukatpally,23,6,1,25.3,0.584,25.5,270.6,Bus,368.0,0.0,1
VG-SES-000191,2.0,60.0,2,CCS2,Gachibowli,14,3,0,25.0,0.52,57.4,3.6,2W,207.0,0.91,0
VG-SES-030185,4.0,30.0,4,Bharat AC-001,Gachibowli,21,1,0,32.9,0.774,42.8,35.5,4W,372.0,2.49,0
VG-SES-037067,6.0,150.0,4,GB/T,Secunderabad,11,5,1,28.6,0.584,84.5,44.5,4W,25.0,5.52,0
VG-SES-039281,5.0,60.0,3,CCS2,Kukatpally,14,1,0,22.5,0.539,50.7,54.5,4W,268.0,27.78,0
VG-SES-030505,6.0,30.0,3,Type2 AC,Madhapur,23,2,0,35.0,0.6,70.1,2.4,2W,630.0,0.62,0
VG-SES-019653,7.0,30.0,2,Bharat AC-001,Kukatpally,1,0,0,23.5,0.552,23.6,54.3,4W,479.0,34.95,0
VG-SES-007902,3.0,30.0,1,Bharat AC-001,Uppal,23,5,1,17.8,0.642,39.4,2.5,2W,398.0,0.18,0
VG-SES-041496,4.0,30.0,4,Bharat AC-001,Gachibowli,0,5,1,31.7,0.515,43.2,56.4,4W,900.0,6.21,0
VG-SES-007656,2.0,180.0,8,CHAdeMO,Madhapur,11,6,1,26.3,0.616,32.4,9.8,3W,43.0,1.84,0
VG-SES-015926,3.0,30.0,2,Type2 AC,Secunderabad,10,0,0,25.4,0.648,55.8,37.1,4W,125.0,8.34,0
VG-SES-026931,2.0,180.0,8,CHAdeMO,Madhapur,12,6,1,27.7,0.524,35.3,73.0,4W,19.0,10.26,0
VG-SES-035837,6.0,150.0,4,GB/T,Secunderabad,19,3,0,42.0,0.828,55.2,2.0,2W,20.0,0.04,0
VG-SES-040868,4.0,60.0,3,Type2 AC,Madhapur,10,1,0,35.5,0.6,69.3,67.2,4W,133.0,14.45,0
VG-SES-011280,7.0,30.0,2,Bharat AC-001,Kukatpally,20,2,0,40.7,0.827,59.8,2.5,2W,400.0,0.94,0
VG-SES-025072,6.0,30.0,4,Bharat DC-001,Uppal,11,2,0,23.7,0.622,38.0,34.0,4W,301.0,18.72,0
VG-SES-014270,4.0,30.0,4,Bharat AC-001,Gachibowli,20,2,0,22.8,0.737,33.4,3.2,2W,360.0,1.22,0
VG-SES-017664,2.0,15.0,1,Type2 AC,Kukatpally,23,6,1,29.6,0.538,38.3,3.3,2W,148.0,0.92,0
VG-SES-006380,2.0,60.0,2,CCS2,Gachibowli,17,2,0,34.4,0.783,81.4,2.3,2W,104.0,0.0,1
VG-SES-023119,3.0,30.0,2,Type2 AC,Secunderabad,9,5,1,32.9,0.548,41.4,2.1,2W,149.0,0.59,0
VG-SES-032635,4.0,60.0,3,Type2 AC,Madhapur,10,6,1,31.8,0.568,20.3,26.6,4W,454.0,3.1,0
VG-SES-024851,2.0,60.0,2,CCS2,Gachibowli,8,5,1,35.7,0.545,48.1,3.5,2W,225.0,1.43,0
VG-SES-022333,5.0,60.0,3,CCS2,Kukatpally,8,6,1,21.1,0.581,24.6,71.2,4W,97.0,10.47,0
VG-SES-044720,4.0,60.0,3,Type2 AC,Madhapur,15,0,0,36.7,0.56,28.7,60.9,4W,127.0,37.44,0
VG-SES-037005,2.0,180.0,8,CHAdeMO,Madhapur,13,5,1,27.1,0.475,28.1,2.1,2W,61.0,0.04,0
VG-SES-018733,3.0,30.0,1,Bharat AC-001,Uppal,20,5,1,31.7,0.855,31.4,2.1,2W,324.0,1.06,0
VG-SES-016763,3.0,30.0,2,Type2 AC,Secunderabad,15,3,0,35.5,0.586,53.3,2.2,2W,183.0,0.8,0
VG-SES-028456,3.0,150.0,5,CCS2,Kukatpally,20,1,0,23.8,0.81,37.4,2.7,2W,20.0,0.23,0
VG-SES-021794,5.0,60.0,3,CCS2,Kukatpally,9,4,0,33.0,0.658,46.1,2.4,2W,149.0,0.73,0
VG-SES-015790,4.0,60.0,3,Type2 AC,Madhapur,10,2,0,24.0,0.669,66.9,2.3,2W,112.0,0.0,1
VG-SES-035452,6.0,30.0,3,Type2 AC,Madhapur,19,6,1,27.2,0.82,40.1,2.2,2W,272.0,1.17,0
VG-SES-022395,3.0,30.0,2,Type2 AC,Secunderabad,14,1,0,26.7,0.599,51.7,2.8,2W,108.0,1.34,0
VG-SES-033920,5.0,30.0,1,Type2 AC,Secunderabad,21,0,0,35.5,0.797,53.9,2.7,2W,471.0,0.51,0
VG-SES-011127,2.0,15.0,1,Type2 AC,Kukatpally,0,4,0,17.4,0.524,64.5,3.9,2W,734.0,1.14,0
VG-SES-006302,5.0,30.0,1,Type2 AC,Secunderabad,23,5,1,28.2,0.553,37.2,27.2,4W,329.0,9.76,0
VG-SES-003013,5.0,30.0,1,Type2 AC,Secunderabad,23,4,0,19.3,0.653,67.6,3.4,2W,293.0,1.05,0
VG-SES-025067,7.0,30.0,4,Type2 AC,Gachibowli,10,3,0,36.5,0.628,58.8,75.0,4W,159.0,26.11,0
VG-SES-018947,7.0,30.0,4,Type2 AC,Gachibowli,10,3,0,21.3,0.649,27.0,2.8,2W,152.0,1.67,0
VG-SES-029277,6.0,30.0,3,Type2 AC,Madhapur,20,3,0,33.0,0.827,46.7,8.7,3W,336.0,4.9,0
VG-SES-026195,6.0,30.0,4,Bharat DC-001,Uppal,11,3,0,37.1,0.577,25.1,198.5,Bus,143.0,9.05,0
VG-SES-009975,5.0,180.0,5,CHAdeMO,Gachibowli,12,3,0,28.1,0.533,21.0,35.8,4W,53.0,13.08,0
VG-SES-007447,5.0,60.0,3,CCS2,Kukatpally,10,5,1,32.4,0.552,18.9,61.6,4W,170.0,36.31,0
VG-SES-030359,7.0,120.0,7,CCS2,Madhapur,8,4,0,17.0,0.661,17.6,3.6,2W,52.0,7.22,0
VG-SES-001004,4.0,30.0,4,Bharat AC-001,Gachibowli,1,6,1,26.7,0.48,36.5,9.6,3W,275.0,4.73,0
VG-SES-025724,2.0,180.0,8,CHAdeMO,Madhapur,8,3,0,24.5,0.644,33.1,10.8,3W,44.0,0.84,0
VG-SES-023918,2.0,60.0,2,CCS2,Gachibowli,16,6,1,28.8,0.536,48.2,25.9,4W,113.0,8.43,0
VG-SES-016507,5.0,30.0,1,Type2 AC,Secunderabad,23,1,0,26.6,0.644,40.1,69.3,4W,376.0,39.73,0
VG-SES-026331,5.0,180.0,5,CHAdeMO,Gachibowli,18,3,0,22.2,0.776,17.2,10.9,3W,28.0,1.35,0
VG-SES-027669,5.0,60.0,3,CCS2,Kukatpally,11,6,1,35.6,0.495,34.3,66.6,4W,204.0,24.26,0
VG-SES-002937,5.0,180.0,5,CHAdeMO,Gachibowli,7,2,0,18.2,0.613,29.2,2.9,2W,38.0,0.44,0
VG-SES-044839,6.0,30.0,3,Type2 AC,Madhapur,2,4,0,28.0,0.597,36.8,55.2,4W,559.0,28.12,0
VG-SES-019629,4.0,60.0,3,Type2 AC,Madhapur,8,4,0,23.7,0.615,72.9,2.4,2W,163.0,0.57,0
VG-SES-018533,5.0,180.0,5,CHAdeMO,Gachibowli,7,4,0,33.2,0.546,39.8,7.9,3W,24.0,0.77,0
VG-SES-019916,4.0,60.0,3,Type2 AC,Madhapur,16,6,1,27.3,0.66,60.4,4.3,2W,158.0,0.92,0
VG-SES-011098,4.0,30.0,4,Bharat AC-001,Gachibowli,19,0,0,29.3,0.862,59.3,2.4,2W,814.0,0.43,0
VG-SES-036039,4.0,60.0,3,Type2 AC,Madhapur,15,2,0,25.0,0.559,30.4,8.5,3W,162.0,4.64,0
VG-SES-043000,6.0,30.0,4,Bharat DC-001,Uppal,15,5,1,39.2,0.558,34.5,63.1,4W,100.0,30.56,0
VG-SES-044435,6.0,30.0,4,Bharat DC-001,Uppal,15,1,0,42.4,0.577,29.7,8.5,4W,173.0,5.87,0
VG-SES-027274,7.0,30.0,4,Type2 AC,Gachibowli,11,4,0,40.7,0.678,18.2,2.9,2W,229.0,0.0,1
VG-SES-016277,7.0,120.0,7,CCS2,Madhapur,18,0,0,22.2,0.763,49.0,3.9,2W,59.0,0.38,0
VG-SES-027415,6.0,150.0,4,GB/T,Secunderabad,8,4,0,22.1,0.655,50.4,11.9,3W,50.0,2.37,0
VG-SES-031852,7.0,120.0,7,CCS2,Madhapur,11,0,0,33.5,0.596,72.0,3.7,2W,23.0,0.36,0
VG-SES-035094,3.0,150.0,5,CCS2,Kukatpally,19,2,0,24.1,0.728,59.9,3.6,2W,26.0,0.04,0
VG-SES-016108,2.0,60.0,2,CCS2,Gachibowli,16,2,0,39.1,0.621,26.6,10.6,3W,153.0,3.12,0
VG-SES-009599,7.0,30.0,2,Bharat AC-001,Kukatpally,20,2,0,32.2,0.81,46.4,7.5,3W,274.0,1.58,0
VG-SES-023767,3.0,150.0,5,CCS2,Kukatpally,20,0,0,25.1,0.761,28.9,2.5,2W,42.0,0.21,0
VG-SES-022461,7.0,120.0,7,CCS2,Madhapur,7,1,0,34.0,0.603,18.8,2.8,2W,34.0,0.38,0
VG-SES-030658,7.0,30.0,4,Type2 AC,Gachibowli,9,2,0,26.3,0.633,44.5,3.1,2W,107.0,1.39,0
VG-SES-031854,6.0,30.0,3,Type2 AC,Madhapur,6,1,0,26.1,0.562,20.9,3.7,2W,619.0,1.96,0
VG-SES-013836,7.0,120.0,7,CCS2,Madhapur,19,1,0,25.8,0.827,33.5,6.7,3W,21.0,0.58,0
VG-SES-015468,2.0,15.0,1,Type2 AC,Kukatpally,23,3,0,22.3,0.599,49.7,3.3,2W,211.0,1.47,0
VG-SES-019083,4.0,30.0,4,Bharat AC-001,Gachibowli,19,0,0,39.1,0.844,54.0,62.6,4W,271.0,26.34,0
VG-SES-029934,4.0,60.0,3,Type2 AC,Madhapur,8,2,0,20.5,0.635,55.6,47.7,4W,147.0,17.2,0
VG-SES-031944,5.0,30.0,1,Type2 AC,Secunderabad,6,1,0,21.8,0.612,23.8,3.5,2W,368.0,1.25,0
VG-SES-019127,4.0,30.0,4,Bharat AC-001,Gachibowli,23,1,0,28.8,0.574,17.6,10.6,3W,324.0,1.52,0
VG-SES-001136,5.0,30.0,1,Type2 AC,Secunderabad,20,6,1,32.3,0.74,41.4,2.6,2W,638.0,0.7,0
VG-SES-039646,2.0,180.0,8,CHAdeMO,Madhapur,6,2,0,32.5,0.563,45.1,2.7,2W,33.0,0.37,0
VG-SES-007784,2.0,180.0,8,CHAdeMO,Madhapur,7,2,0,29.9,0.548,58.1,4.3,2W,31.0,0.0,1
VG-SES-026389,4.0,150.0,3,CCS2,Uppal,18,6,1,33.1,0.612,21.5,66.8,4W,47.0,22.88,0
VG-SES-042937,5.0,30.0,1,Type2 AC,Secunderabad,21,2,0,28.2,0.779,55.3,56.5,4W,412.0,12.53,0
VG-SES-019855,5.0,30.0,1,Type2 AC,Secunderabad,21,3,0,32.9,0.694,55.5,36.0,4W,268.0,4.26,0
VG-SES-026086,5.0,60.0,3,CCS2,Kukatpally,9,6,1,26.2,0.542,10.1,10.1,3W,206.0,1.32,0
VG-SES-017455,5.0,60.0,3,CCS2,Kukatpally,16,1,0,33.9,0.573,33.7,48.6,4W,125.0,15.61,0
VG-SES-036709,3.0,30.0,2,Type2 AC,Secunderabad,9,2,0,18.7,0.71,44.9,3.4,2W,293.0,0.23,0
VG-SES-043241,5.0,180.0,5,CHAdeMO,Gachibowli,18,0,0,27.3,0.748,65.0,31.0,4W,27.0,6.16,0
VG-SES-010965,5.0,60.0,3,CCS2,Kukatpally,8,3,0,29.3,0.59,23.4,10.7,3W,120.0,2.72,0
VG-SES-002782,3.0,30.0,2,Type2 AC,Secunderabad,10,4,0,25.9,0.592,25.2,28.7,4W,211.0,17.04,0
VG-SES-042569,2.0,15.0,1,Type2 AC,Kukatpally,0,5,1,29.8,0.513,55.0,7.5,3W,279.0,3.05,0
VG-SES-023938,7.0,30.0,4,Type2 AC,Gachibowli,10,5,1,33.7,0.616,25.7,27.9,4W,124.0,1.87,0
VG-SES-015714,7.0,30.0,4,Type2 AC,Gachibowli,9,5,1,36.1,0.579,25.8,8.5,4W,78.0,2.44,0
VG-SES-031945,6.0,150.0,4,GB/T,Secunderabad,11,1,0,24.3,0.617,50.2,2.3,2W,48.0,0.0,1
VG-SES-027395,4.0,30.0,4,Bharat AC-001,Gachibowli,23,0,0,31.5,0.63,36.3,35.5,4W,139.0,8.96,0
VG-SES-001160,7.0,120.0,7,CCS2,Madhapur,22,0,0,25.3,0.696,33.6,9.2,3W,27.0,1.19,0
VG-SES-014223,5.0,60.0,3,CCS2,Kukatpally,8,3,0,22.8,0.687,64.3,39.3,4W,190.0,6.48,0
VG-SES-040510,6.0,150.0,4,GB/T,Secunderabad,20,4,0,35.5,0.811,27.0,2.2,2W,11.0,0.15,0
VG-SES-027245,7.0,30.0,2,Bharat AC-001,Kukatpally,1,1,0,14.3,0.491,42.3,7.4,3W,664.0,2.34,0
VG-SES-020167,3.0,30.0,1,Bharat AC-001,Uppal,23,1,0,28.0,0.652,15.6,3.9,2W,234.0,0.56,0
VG-SES-038394,3.0,30.0,1,Bharat AC-001,Uppal,0,5,1,26.1,0.354,26.1,3.7,2W,352.0,0.98,0
VG-SES-041862,2.0,180.0,8,CHAdeMO,Madhapur,18,0,0,29.2,0.74,35.6,3.4,2W,29.0,0.41,0
VG-SES-010242,7.0,120.0,7,CCS2,Madhapur,8,6,1,31.1,0.577,55.7,39.3,4W,20.0,4.92,0
VG-SES-037709,7.0,30.0,2,Bharat AC-001,Kukatpally,2,0,0,30.7,0.479,26.4,3.9,2W,440.0,2.52,0
VG-SES-013471,4.0,150.0,3,CCS2,Uppal,7,3,0,31.3,0.565,50.4,68.4,4W,28.0,13.48,0
VG-SES-042990,7.0,120.0,7,CCS2,Madhapur,12,0,0,38.6,0.596,13.2,2.4,2W,27.0,0.26,0
VG-SES-038864,4.0,150.0,3,CCS2,Uppal,8,4,0,21.7,0.627,43.9,8.4,3W,46.0,0.55,0
VG-SES-035455,3.0,30.0,1,Bharat AC-001,Uppal,22,2,0,35.3,0.686,27.3,6.5,3W,330.0,4.75,0
VG-SES-012819,4.0,150.0,3,CCS2,Uppal,21,2,0,22.0,0.78,80.1,4.2,2W,56.0,0.4,0
VG-SES-028046,3.0,150.0,5,CCS2,Kukatpally,19,1,0,27.9,0.828,52.3,2.4,2W,14.0,0.15,0
VG-SES-042798,4.0,150.0,3,CCS2,Uppal,21,4,0,36.2,0.844,51.1,2.1,2W,25.0,0.25,0
VG-SES-010112,6.0,150.0,4,GB/T,Secunderabad,21,0,0,35.9,0.742,26.8,42.2,4W,19.0,0.0,1
VG-SES-024173,2.0,60.0,2,CCS2,Gachibowli,11,2,0,34.2,0.58,21.9,2.2,2W,234.0,0.57,0
VG-SES-027460,3.0,150.0,5,CCS2,Kukatpally,18,5,1,37.5,0.702,47.1,26.5,4W,57.0,12.0,0
VG-SES-041578,2.0,15.0,1,Type2 AC,Kukatpally,19,1,0,25.6,0.795,41.0,2.1,2W,315.0,1.09,0
VG-SES-006277,2.0,15.0,1,Type2 AC,Kukatpally,23,1,0,26.6,0.65,56.3,6.9,3W,247.0,2.81,0
VG-SES-043722,2.0,60.0,2,CCS2,Gachibowli,9,4,0,31.3,0.603,27.1,3.1,2W,278.0,1.23,0
VG-SES-024783,2.0,15.0,1,Type2 AC,Kukatpally,6,6,1,28.1,0.431,45.6,10.0,3W,595.0,1.99,0
VG-SES-027471,6.0,30.0,4,Bharat DC-001,Uppal,15,1,0,41.6,0.503,54.3,6.6,3W,194.0,2.38,0
VG-SES-027363,3.0,30.0,1,Bharat AC-001,Uppal,23,3,0,18.1,0.67,77.6,64.5,4W,478.0,13.22,0
VG-SES-035939,7.0,30.0,2,Bharat AC-001,Kukatpally,0,0,0,33.4,0.485,28.4,2.1,2W,436.0,0.22,0
VG-SES-040302,2.0,60.0,2,CCS2,Gachibowli,16,6,1,33.8,0.695,60.4,3.3,2W,136.0,1.12,0
VG-SES-027625,3.0,30.0,2,Type2 AC,Secunderabad,8,0,0,36.0,0.567,31.0,50.0,4W,126.0,15.46,0
VG-SES-005238,6.0,30.0,4,Bharat DC-001,Uppal,10,3,0,31.9,0.648,52.8,35.5,4W,222.0,5.88,0
VG-SES-044547,3.0,30.0,1,Bharat AC-001,Uppal,20,1,0,29.7,0.781,30.6,11.5,3W,335.0,2.24,0
VG-SES-025082,3.0,30.0,1,Bharat AC-001,Uppal,1,3,0,25.3,0.44,17.2,29.6,4W,593.0,19.11,0
VG-SES-019851,2.0,60.0,2,CCS2,Gachibowli,9,6,1,29.3,0.555,33.8,48.1,4W,90.0,26.29,0
VG-SES-027603,5.0,60.0,3,CCS2,Kukatpally,10,2,0,23.4,0.617,41.5,50.4,4W,100.0,29.4,0
VG-SES-032473,2.0,60.0,2,CCS2,Gachibowli,13,3,0,39.3,0.564,68.7,2.4,2W,90.0,0.69,0
VG-SES-016427,7.0,30.0,2,Bharat AC-001,Kukatpally,21,5,1,25.3,0.697,40.0,348.4,Bus,421.0,142.05,0
VG-SES-040414,4.0,150.0,3,CCS2,Uppal,21,5,1,30.7,0.72,33.6,44.1,4W,26.0,3.26,0
VG-SES-018595,3.0,150.0,5,CCS2,Kukatpally,19,6,1,26.9,0.823,58.7,4.0,2W,31.0,0.49,0
VG-SES-029644,3.0,150.0,5,CCS2,Kukatpally,8,4,0,22.1,0.701,27.6,2.4,2W,48.0,0.48,0
VG-SES-035405,7.0,30.0,2,Bharat AC-001,Kukatpally,2,4,0,28.0,0.546,26.6,44.7,4W,434.0,23.15,0
VG-SES-014925,4.0,60.0,3,Type2 AC,Madhapur,11,6,1,25.4,0.548,76.6,6.6,3W,110.0,1.57,0
VG-SES-043619,2.0,180.0,8,CHAdeMO,Madhapur,12,3,0,34.7,0.584,33.5,2.6,2W,28.0,0.29,0
VG-SES-016140,5.0,180.0,5,CHAdeMO,Gachibowli,19,5,1,40.8,0.818,40.3,3.1,2W,34.0,0.48,0
VG-SES-020103,2.0,60.0,2,CCS2,Gachibowli,8,5,1,29.4,0.614,40.1,68.9,4W,231.0,15.85,0
VG-SES-012122,4.0,30.0,4,Bharat AC-001,Gachibowli,2,3,0,33.2,0.453,73.2,7.3,3W,350.0,1.74,0
VG-SES-044050,4.0,30.0,4,Bharat AC-001,Gachibowli,19,5,1,41.2,0.709,27.5,2.0,2W,483.0,0.55,0
VG-SES-002980,3.0,150.0,5,CCS2,Kukatpally,8,4,0,31.9,0.637,48.0,6.5,3W,36.0,0.37,0
VG-SES-010285,7.0,120.0,7,CCS2,Madhapur,20,0,0,24.5,0.868,73.7,2.3,2W,16.0,0.15,0
VG-SES-043623,4.0,60.0,3,Type2 AC,Madhapur,8,5,1,26.9,0.622,71.9,3.2,2W,133.0,0.85,0
VG-SES-023824,3.0,30.0,1,Bharat AC-001,Uppal,6,4,0,19.2,0.567,50.3,220.4,Bus,335.0,72.99,0
VG-SES-029238,4.0,60.0,3,Type2 AC,Madhapur,8,4,0,34.0,0.602,42.0,8.8,3W,187.0,0.67,0
VG-SES-030485,6.0,30.0,3,Type2 AC,Madhapur,0,0,0,27.2,0.588,23.6,10.3,3W,459.0,2.63,0
VG-SES-027169,5.0,30.0,1,Type2 AC,Secunderabad,5,1,0,24.5,0.509,40.3,2.3,2W,557.0,0.77,0
VG-SES-007225,5.0,180.0,5,CHAdeMO,Gachibowli,19,1,0,34.1,0.757,78.4,7.1,3W,18.0,0.2,0
VG-SES-038420,6.0,150.0,4,GB/T,Secunderabad,7,3,0,35.3,0.585,44.9,2.3,2W,23.0,0.21,0
VG-SES-011976,3.0,30.0,2,Type2 AC,Secunderabad,11,1,0,37.3,0.552,20.5,3.0,2W,214.0,0.64,0
VG-SES-019241,2.0,15.0,1,Type2 AC,Kukatpally,6,2,0,20.8,0.608,47.4,246.6,Bus,714.0,130.81,0
VG-SES-006587,7.0,30.0,2,Bharat AC-001,Kukatpally,20,5,1,39.8,0.787,44.7,2.5,2W,264.0,1.31,0
VG-SES-014688,3.0,150.0,5,CCS2,Kukatpally,13,0,0,30.9,0.487,13.2,325.4,Bus,52.0,61.73,0
VG-SES-016498,5.0,30.0,1,Type2 AC,Secunderabad,19,6,1,33.4,0.711,45.3,7.8,3W,249.0,3.88,0
VG-SES-021077,3.0,30.0,1,Bharat AC-001,Uppal,22,4,0,31.9,0.723,34.3,3.9,2W,255.0,1.28,0
VG-SES-008479,2.0,180.0,8,CHAdeMO,Madhapur,8,4,0,15.9,0.591,61.1,30.7,4W,27.0,5.15,0
VG-SES-024568,7.0,120.0,7,CCS2,Madhapur,6,4,0,29.2,0.586,50.8,3.0,2W,59.0,0.83,0
VG-SES-016049,3.0,30.0,1,Bharat AC-001,Uppal,21,3,0,32.7,0.778,47.5,3.2,2W,98.0,1.29,0
VG-SES-001222,5.0,60.0,3,CCS2,Kukatpally,15,1,0,28.9,0.587,57.3,3.9,2W,140.0,0.13,0
VG-SES-022908,4.0,30.0,4,Bharat AC-001,Gachibowli,23,4,0,26.6,0.637,55.6,40.2,4W,265.0,13.6,0
VG-SES-013620,2.0,180.0,8,CHAdeMO,Madhapur,18,1,0,34.5,0.772,27.1,65.3,4W,25.0,0.0,1
VG-SES-013808,5.0,60.0,3,CCS2,Kukatpally,9,2,0,31.5,0.66,24.0,2.5,2W,214.0,0.16,0
VG-SES-009565,4.0,150.0,3,CCS2,Uppal,20,1,0,21.9,0.785,46.1,2.6,2W,18.0,0.18,0
VG-SES-026998,6.0,150.0,4,GB/T,Secunderabad,11,5,1,36.5,0.505,20.3,3.4,2W,55.0,0.0,1
VG-SES-036859,3.0,30.0,2,Type2 AC,Secunderabad,16,5,1,36.3,0.595,22.6,292.1,Bus,279.0,93.0,0
VG-SES-003718,6.0,30.0,4,Bharat DC-001,Uppal,8,0,0,29.9,0.63,75.9,3.6,2W,144.0,0.73,0
VG-SES-005954,6.0,30.0,3,Type2 AC,Madhapur,2,6,1,25.0,0.524,50.8,3.5,2W,399.0,1.71,0
VG-SES-016419,2.0,180.0,8,CHAdeMO,Madhapur,13,0,0,37.7,0.573,53.4,2.4,2W,40.0,0.46,0
VG-SES-013434,5.0,180.0,5,CHAdeMO,Gachibowli,18,6,1,40.7,0.626,35.2,3.7,2W,19.0,0.31,0
VG-SES-006897,4.0,60.0,3,Type2 AC,Madhapur,10,3,0,39.7,0.626,75.9,66.2,4W,323.0,4.97,0
VG-SES-018350,2.0,60.0,2,CCS2,Gachibowli,13,1,0,35.2,0.506,23.5,9.6,3W,139.0,1.3,0
VG-SES-002886,2.0,180.0,8,CHAdeMO,Madhapur,20,3,0,23.8,0.769,59.7,11.3,3W,19.0,0.95,0
VG-SES-024724,5.0,60.0,3,CCS2,Kukatpally,11,0,0,31.9,0.538,34.9,6.5,3W,86.0,1.53,0
VG-SES-033788,7.0,30.0,2,Bharat AC-001,Kukatpally,5,1,0,19.8,0.511,22.8,270.6,Bus,304.0,143.15,0
VG-SES-031335,7.0,30.0,4,Type2 AC,Gachibowli,15,3,0,36.9,0.655,18.9,69.0,4W,116.0,0.0,1
VG-SES-033877,3.0,150.0,5,CCS2,Kukatpally,13,4,0,30.0,0.543,46.3,4.1,2W,16.0,0.27,0
VG-SES-028854,4.0,30.0,4,Bharat AC-001,Gachibowli,21,3,0,20.6,0.763,9.1,63.2,4W,323.0,7.75,0
VG-SES-032426,5.0,60.0,3,CCS2,Kukatpally,10,0,0,38.2,0.704,34.5,25.0,4W,174.0,5.66,0
VG-SES-015692,6.0,150.0,4,GB/T,Secunderabad,18,6,1,34.7,0.744,45.5,206.7,Bus,21.0,0.0,1
VG-SES-044277,2.0,60.0,2,CCS2,Gachibowli,9,0,0,22.4,0.595,7.0,10.0,3W,126.0,4.04,0
VG-SES-018866,4.0,30.0,4,Bharat AC-001,Gachibowli,20,4,0,27.4,0.885,33.1,2.7,2W,129.0,1.22,0
VG-SES-019326,2.0,180.0,8,CHAdeMO,Madhapur,22,2,0,27.8,0.72,56.8,7.5,3W,43.0,0.25,0
VG-SES-035101,7.0,30.0,4,Type2 AC,Gachibowli,14,2,0,35.7,0.552,58.6,209.8,Bus,213.0,79.45,0
VG-SES-037146,2.0,180.0,8,CHAdeMO,Madhapur,8,5,1,23.1,0.534,11.7,42.6,4W,47.0,13.59,0
VG-SES-017797,5.0,30.0,1,Type2 AC,Secunderabad,21,3,0,23.6,0.784,28.4,3.6,2W,444.0,0.67,0
VG-SES-018799,2.0,60.0,2,CCS2,Gachibowli,8,3,0,31.3,0.656,49.6,45.8,4W,218.0,18.99,0
VG-SES-031515,4.0,60.0,3,Type2 AC,Madhapur,11,4,0,36.5,0.661,46.1,40.9,4W,108.0,0.0,1
VG-SES-007388,5.0,180.0,5,CHAdeMO,Gachibowli,18,0,0,26.4,0.741,35.0,67.8,4W,42.0,0.0,1
VG-SES-040253,4.0,30.0,4,Bharat AC-001,Gachibowli,6,6,1,29.9,0.528,32.9,3.8,2W,474.0,0.23,0
VG-SES-012137,7.0,120.0,7,CCS2,Madhapur,6,2,0,23.9,0.505,22.0,256.4,Bus,46.0,53.26,0
VG-SES-020569,7.0,120.0,7,CCS2,Madhapur,20,1,0,38.3,0.806,16.8,69.2,4W,34.0,3.38,0
VG-SES-027987,7.0,120.0,7,CCS2,Madhapur,21,1,0,19.6,0.737,27.9,72.1,4W,20.0,1.32,0
VG-SES-028202,3.0,30.0,2,Type2 AC,Secunderabad,15,6,1,33.0,0.498,46.5,4.2,2W,235.0,2.17,0
VG-SES-027721,7.0,30.0,4,Type2 AC,Gachibowli,17,3,0,37.9,0.709,32.3,2.7,2W,194.0,0.65,0
VG-SES-003430,6.0,30.0,4,Bharat DC-001,Uppal,10,0,0,30.2,0.595,57.8,11.5,3W,127.0,4.56,0
VG-SES-040434,3.0,30.0,2,Type2 AC,Secunderabad,9,0,0,22.9,0.698,70.1,65.0,4W,134.0,17.86,0
VG-SES-022292,5.0,180.0,5,CHAdeMO,Gachibowli,20,1,0,32.4,0.775,49.8,7.3,3W,44.0,1.4,0
VG-SES-017985,7.0,30.0,2,Bharat AC-001,Kukatpally,23,6,1,24.9,0.514,41.1,2.0,2W,186.0,0.8,0
VG-SES-033950,5.0,60.0,3,CCS2,Kukatpally,16,4,0,39.4,0.639,62.9,3.4,2W,313.0,1.23,0
VG-SES-021628,2.0,15.0,1,Type2 AC,Kukatpally,22,3,0,31.1,0.722,13.1,3.7,2W,406.0,1.96,0
VG-SES-025330,2.0,15.0,1,Type2 AC,Kukatpally,19,6,1,24.0,0.81,67.7,70.8,4W,884.0,19.84,0
VG-SES-010331,7.0,120.0,7,CCS2,Madhapur,21,1,0,35.0,0.726,51.7,2.1,2W,20.0,0.0,1
VG-SES-032824,2.0,180.0,8,CHAdeMO,Madhapur,22,6,1,28.3,0.635,41.0,2.2,2W,29.0,0.27,0
VG-SES-021898,6.0,30.0,4,Bharat DC-001,Uppal,10,4,0,36.4,0.658,53.1,4.3,2W,106.0,1.87,0
VG-SES-020594,7.0,30.0,4,Type2 AC,Gachibowli,11,1,0,39.1,0.595,35.7,47.4,4W,174.0,0.0,1
VG-SES-004048,4.0,60.0,3,Type2 AC,Madhapur,8,0,0,25.8,0.656,39.1,6.7,3W,192.0,1.28,0
VG-SES-040338,2.0,180.0,8,CHAdeMO,Madhapur,12,0,0,37.5,0.523,36.8,57.7,4W,32.0,13.93,0
VG-SES-028254,3.0,150.0,5,CCS2,Kukatpally,18,5,1,24.1,0.707,29.3,3.0,2W,45.0,0.55,0
VG-SES-025317,5.0,30.0,1,Type2 AC,Secunderabad,1,5,1,30.9,0.479,37.8,7.0,3W,416.0,3.04,0
VG-SES-007153,3.0,30.0,2,Type2 AC,Secunderabad,8,1,0,18.8,0.629,39.1,11.7,3W,128.0,6.83,0
VG-SES-037275,4.0,150.0,3,CCS2,Uppal,18,3,0,28.0,0.798,48.1,60.3,4W,26.0,10.71,0
VG-SES-008974,3.0,30.0,2,Type2 AC,Secunderabad,16,3,0,38.5,0.611,33.5,2.5,2W,259.0,1.22,0
VG-SES-014876,2.0,60.0,2,CCS2,Gachibowli,16,2,0,40.4,0.545,62.4,4.1,2W,95.0,1.4,0
VG-SES-009667,5.0,30.0,1,Type2 AC,Secunderabad,1,5,1,25.0,0.461,48.5,2.6,2W,133.0,0.52,0
VG-SES-022702,4.0,60.0,3,Type2 AC,Madhapur,11,4,0,32.2,0.642,30.4,74.7,4W,149.0,16.25,0
VG-SES-002992,6.0,30.0,4,Bharat DC-001,Uppal,10,0,0,37.5,0.606,49.8,8.5,3W,100.0,0.35,0
VG-SES-018137,4.0,60.0,3,Type2 AC,Madhapur,10,5,1,30.4,0.616,50.4,2.1,2W,261.0,1.02,0
VG-SES-020545,7.0,120.0,7,CCS2,Madhapur,22,0,0,33.6,0.689,66.9,62.9,4W,39.0,14.99,0
VG-SES-024213,4.0,150.0,3,CCS2,Uppal,19,1,0,24.1,0.813,26.2,33.6,4W,49.0,0.0,1
VG-SES-016702,6.0,30.0,4,Bharat DC-001,Uppal,16,4,0,27.2,0.579,56.1,3.2,2W,202.0,1.33,0
VG-SES-021440,7.0,30.0,4,Type2 AC,Gachibowli,8,4,0,19.0,0.611,48.4,7.0,3W,168.0,3.31,0
VG-SES-033193,7.0,30.0,4,Type2 AC,Gachibowli,13,1,0,39.9,0.529,31.9,41.2,4W,139.0,27.16,0
VG-SES-041709,4.0,60.0,3,Type2 AC,Madhapur,13,1,0,31.9,0.587,72.0,4.1,2W,137.0,0.91,0
VG-SES-009733,7.0,30.0,2,Bharat AC-001,Kukatpally,23,1,0,20.0,0.66,39.6,44.1,4W,374.0,14.35,0
VG-SES-004900,7.0,30.0,4,Type2 AC,Gachibowli,11,4,0,32.5,0.632,63.5,67.6,4W,158.0,24.6,0
VG-SES-032415,5.0,60.0,3,CCS2,Kukatpally,9,6,1,34.9,0.638,45.7,37.4,4W,106.0,10.49,0
VG-SES-034902,3.0,150.0,5,CCS2,Kukatpally,7,3,0,30.3,0.56,28.4,65.1,4W,40.0,18.62,0
VG-SES-037439,6.0,150.0,4,GB/T,Secunderabad,13,3,0,35.3,0.478,53.0,285.4,Bus,45.0,59.7,0
VG-SES-001742,4.0,150.0,3,CCS2,Uppal,6,5,1,22.0,0.456,14.6,242.6,Bus,35.0,40.87,0
VG-SES-014912,7.0,120.0,7,CCS2,Madhapur,12,5,1,34.6,0.531,68.6,6.5,3W,42.0,0.0,1
VG-SES-043497,2.0,60.0,2,CCS2,Gachibowli,14,0,0,33.3,0.542,55.4,51.6,4W,215.0,9.47,0
VG-SES-037089,2.0,15.0,1,Type2 AC,Kukatpally,21,0,0,32.9,0.762,21.7,38.5,4W,486.0,8.58,0
VG-SES-038644,4.0,150.0,3,CCS2,Uppal,11,4,0,24.1,0.578,30.1,4.3,2W,35.0,0.69,0
VG-SES-041798,7.0,30.0,4,Type2 AC,Gachibowli,11,3,0,32.1,0.585,26.7,69.7,4W,208.0,45.03,0
VG-SES-020118,6.0,150.0,4,GB/T,Secunderabad,21,2,0,32.2,0.72,59.0,3.2,2W,29.0,9.81,0
VG-SES-025025,6.0,150.0,4,GB/T,Secunderabad,19,1,0,38.6,0.806,14.1,6.1,3W,29.0,0.0,1
VG-SES-009675,7.0,120.0,7,CCS2,Madhapur,19,0,0,25.9,0.785,33.8,3.8,2W,16.0,0.25,0
VG-SES-017465,3.0,30.0,2,Type2 AC,Secunderabad,9,5,1,15.1,0.617,54.7,2.2,2W,377.0,0.86,0
VG-SES-032474,6.0,150.0,4,GB/T,Secunderabad,8,0,0,34.4,0.572,54.4,4.3,2W,34.0,0.59,0
VG-SES-031189,4.0,150.0,3,CCS2,Uppal,19,0,0,29.0,0.869,46.7,63.2,4W,33.0,15.54,0
VG-SES-040361,7.0,30.0,4,Type2 AC,Gachibowli,9,6,1,34.0,0.613,35.2,292.3,Bus,213.0,86.26,0
VG-SES-029771,2.0,15.0,1,Type2 AC,Kukatpally,23,6,1,33.5,0.54,48.6,2.4,2W,663.0,1.06,0
VG-SES-041583,6.0,30.0,3,Type2 AC,Madhapur,19,5,1,34.3,0.82,27.9,3.3,2W,530.0,0.44,0
VG-SES-027221,3.0,30.0,1,Bharat AC-001,Uppal,23,4,0,19.2,0.588,28.0,3.0,2W,466.0,0.67,0
VG-SES-007961,5.0,60.0,3,CCS2,Kukatpally,10,1,0,20.9,0.588,24.9,7.2,3W,89.0,2.61,0
VG-SES-034743,4.0,30.0,4,Bharat AC-001,Gachibowli,21,5,1,21.5,0.765,36.9,33.0,4W,168.0,10.06,0
VG-SES-022987,3.0,30.0,2,Type2 AC,Secunderabad,9,1,0,37.0,0.694,28.0,35.0,4W,203.0,19.6,0
VG-SES-025944,3.0,30.0,2,Type2 AC,Secunderabad,11,3,0,31.2,0.66,52.6,10.5,3W,69.0,3.35,0
VG-SES-009672,3.0,30.0,2,Type2 AC,Secunderabad,9,2,0,31.6,0.562,41.5,3.4,2W,153.0,2.01,0
VG-SES-022605,6.0,30.0,4,Bharat DC-001,Uppal,9,5,1,33.9,0.564,72.9,4.2,2W,277.0,1.09,0
VG-SES-035116,3.0,30.0,1,Bharat AC-001,Uppal,23,3,0,21.2,0.609,22.2,4.4,2W,470.0,2.7,0
VG-SES-028492,3.0,30.0,1,Bharat AC-001,Uppal,23,5,1,17.8,0.518,65.8,2.0,2W,380.0,0.55,0
VG-SES-024263,4.0,30.0,4,Bharat AC-001,Gachibowli,5,1,0,29.7,0.476,35.6,3.0,2W,469.0,0.1,0
VG-SES-030657,3.0,30.0,2,Type2 AC,Secunderabad,8,3,0,28.8,0.719,42.2,30.1,4W,50.0,10.42,0
VG-SES-001613,2.0,15.0,1,Type2 AC,Kukatpally,20,2,0,36.9,0.829,30.8,2.7,2W,534.0,1.5,0
VG-SES-006895,5.0,30.0,1,Type2 AC,Secunderabad,0,5,1,12.0,0.445,18.4,28.5,4W,546.0,7.82,0
VG-SES-041438,2.0,180.0,8,CHAdeMO,Madhapur,22,3,0,21.2,0.743,13.0,40.4,4W,19.0,0.0,1
VG-SES-016554,2.0,60.0,2,CCS2,Gachibowli,13,5,1,34.8,0.476,74.2,310.9,Bus,223.0,63.79,0
VG-SES-033629,7.0,120.0,7,CCS2,Madhapur,8,0,0,25.8,0.617,41.8,2.3,2W,49.0,0.46,0
VG-SES-001534,6.0,30.0,3,Type2 AC,Madhapur,5,1,0,19.8,0.559,19.4,2.3,2W,206.0,1.36,0
VG-SES-032478,7.0,30.0,2,Bharat AC-001,Kukatpally,1,1,0,23.7,0.451,38.1,63.0,4W,380.0,36.9,0
VG-SES-033798,2.0,15.0,1,Type2 AC,Kukatpally,22,4,0,22.4,0.7,31.2,3.0,2W,358.0,0.8,0
VG-SES-006947,5.0,30.0,1,Type2 AC,Secunderabad,21,1,0,33.4,0.761,24.5,3.7,2W,361.0,1.48,0
VG-SES-017361,6.0,150.0,4,GB/T,Secunderabad,6,6,1,30.8,0.529,37.3,6.9,3W,21.0,0.67,0
VG-SES-017131,6.0,30.0,4,Bharat DC-001,Uppal,10,6,1,38.2,0.545,66.8,2.6,2W,129.0,0.78,0
VG-SES-017356,2.0,15.0,1,Type2 AC,Kukatpally,21,0,0,28.2,0.819,29.8,9.9,3W,225.0,6.53,0
VG-SES-027531,7.0,120.0,7,CCS2,Madhapur,7,0,0,27.2,0.592,65.5,3.4,2W,36.0,0.12,0
VG-SES-015545,6.0,30.0,3,Type2 AC,Madhapur,6,2,0,28.6,0.56,36.9,71.4,4W,486.0,15.3,0
VG-SES-006939,5.0,180.0,5,CHAdeMO,Gachibowli,12,5,1,34.8,0.501,70.9,2.9,2W,50.0,0.56,0
VG-SES-036227,3.0,150.0,5,CCS2,Kukatpally,13,3,0,34.0,0.527,52.3,246.6,Bus,32.0,37.21,0
VG-SES-010205,4.0,150.0,3,CCS2,Uppal,20,0,0,26.1,0.799,32.5,4.0,2W,56.0,0.71,0
VG-SES-034343,2.0,15.0,1,Type2 AC,Kukatpally,0,2,0,24.6,0.518,53.8,10.0,3W,367.0,2.51,0
VG-SES-034239,3.0,150.0,5,CCS2,Kukatpally,13,2,0,35.1,0.626,38.9,9.7,3W,51.0,1.81,0
VG-SES-010794,7.0,30.0,2,Bharat AC-001,Kukatpally,22,0,0,27.3,0.73,23.5,3.4,2W,320.0,1.81,0
VG-SES-005611,2.0,15.0,1,Type2 AC,Kukatpally,6,5,1,24.1,0.463,48.9,41.1,4W,382.0,17.54,0
VG-SES-005338,2.0,180.0,8,CHAdeMO,Madhapur,6,1,0,21.1,0.546,53.2,2.2,2W,23.0,0.2,0
VG-SES-025659,3.0,30.0,1,Bharat AC-001,Uppal,1,6,1,34.1,0.441,33.9,6.3,3W,639.0,3.3,0
VG-SES-008710,5.0,30.0,1,Type2 AC,Secunderabad,21,2,0,29.8,0.836,41.6,2.7,2W,375.0,1.5,0
VG-SES-007543,4.0,60.0,3,Type2 AC,Madhapur,9,6,1,27.5,0.531,16.6,60.3,4W,89.0,41.58,0
VG-SES-009828,6.0,150.0,4,GB/T,Secunderabad,12,4,0,40.2,0.563,68.1,235.9,Bus,25.0,11.66,0
VG-SES-004535,2.0,180.0,8,CHAdeMO,Madhapur,18,4,0,29.5,0.817,54.4,3.0,2W,10.0,0.15,0
VG-SES-033711,7.0,30.0,4,Type2 AC,Gachibowli,16,0,0,24.5,0.581,38.3,4.1,2W,228.0,2.46,0
VG-SES-021361,7.0,120.0,7,CCS2,Madhapur,6,4,0,25.2,0.546,22.9,2.1,2W,48.0,0.2,0
VG-SES-017044,3.0,150.0,5,CCS2,Kukatpally,20,3,0,25.1,0.813,36.3,235.4,Bus,27.0,30.39,0
VG-SES-024825,7.0,30.0,2,Bharat AC-001,Kukatpally,19,5,1,28.3,0.736,51.9,7.7,3W,798.0,1.76,0
VG-SES-015384,6.0,30.0,3,Type2 AC,Madhapur,20,1,0,38.7,0.855,39.9,4.3,2W,519.0,1.33,0
VG-SES-019390,4.0,150.0,3,CCS2,Uppal,6,5,1,18.7,0.458,14.2,2.9,2W,44.0,0.28,0
VG-SES-026702,3.0,30.0,2,Type2 AC,Secunderabad,16,1,0,37.5,0.548,61.9,29.3,4W,62.0,9.87,0
VG-SES-038148,4.0,150.0,3,CCS2,Uppal,20,4,0,41.0,0.813,62.8,319.6,Bus,38.0,47.87,0
VG-SES-020724,6.0,30.0,4,Bharat DC-001,Uppal,10,4,0,28.1,0.624,74.6,3.3,2W,150.0,0.77,0
VG-SES-013781,4.0,30.0,4,Bharat AC-001,Gachibowli,23,0,0,24.4,0.663,31.5,6.4,3W,263.0,2.35,0
VG-SES-040969,5.0,30.0,1,Type2 AC,Secunderabad,19,1,0,25.2,0.849,31.3,11.3,3W,414.0,7.35,0
VG-SES-019014,7.0,30.0,2,Bharat AC-001,Kukatpally,21,0,0,30.8,0.716,33.5,2.3,2W,456.0,0.15,0
VG-SES-001901,5.0,30.0,1,Type2 AC,Secunderabad,0,2,0,18.0,0.423,62.4,63.8,4W,636.0,22.08,0
VG-SES-033146,3.0,30.0,1,Bharat AC-001,Uppal,21,6,1,26.7,0.687,39.3,3.2,2W,362.0,1.89,0
VG-SES-020312,5.0,30.0,1,Type2 AC,Secunderabad,23,3,0,32.1,0.556,36.9,2.9,2W,454.0,0.81,0
VG-SES-025004,5.0,30.0,1,Type2 AC,Secunderabad,23,2,0,32.9,0.608,36.4,4.5,2W,626.0,0.8,0
VG-SES-029926,3.0,30.0,2,Type2 AC,Secunderabad,15,4,0,31.2,0.514,48.3,36.0,4W,224.0,19.38,0
VG-SES-028154,3.0,30.0,1,Bharat AC-001,Uppal,20,3,0,30.1,0.866,48.0,35.4,4W,278.0,13.89,0
VG-SES-037691,7.0,120.0,7,CCS2,Madhapur,18,6,1,33.2,0.744,54.2,10.8,3W,36.0,1.58,0
VG-SES-028634,4.0,150.0,3,CCS2,Uppal,20,2,0,35.4,0.839,16.7,7.1,3W,25.0,0.77,0
VG-SES-001684,6.0,30.0,3,Type2 AC,Madhapur,5,2,0,32.2,0.47,77.7,224.8,Bus,502.0,48.55,0
VG-SES-043138,5.0,180.0,5,CHAdeMO,Gachibowli,19,0,0,23.9,0.775,70.8,4.5,2W,41.0,0.75,0
VG-SES-017948,7.0,120.0,7,CCS2,Madhapur,19,4,0,34.8,0.782,62.4,45.7,4W,41.0,1.71,0
VG-SES-020345,5.0,60.0,3,CCS2,Kukatpally,8,2,0,34.5,0.691,50.0,74.0,4W,198.0,19.42,0
VG-SES-014284,3.0,30.0,2,Type2 AC,Secunderabad,8,0,0,29.5,0.716,57.4,29.7,4W,140.0,13.03,0
VG-SES-008209,7.0,30.0,4,Type2 AC,Gachibowli,13,0,0,41.6,0.546,36.7,2.3,2W,174.0,1.15,0
VG-SES-006577,7.0,120.0,7,CCS2,Madhapur,12,4,0,36.0,0.612,56.3,42.7,4W,29.0,4.0,0
VG-SES-005830,5.0,30.0,1,Type2 AC,Secunderabad,21,2,0,18.3,0.806,19.7,3.3,2W,264.0,1.2,0
VG-SES-034160,6.0,30.0,3,Type2 AC,Madhapur,19,4,0,21.7,0.785,20.0,2.7,2W,264.0,1.94,0
VG-SES-033447,5.0,60.0,3,CCS2,Kukatpally,13,6,1,35.5,0.536,40.2,3.8,2W,230.0,1.63,0
VG-SES-006107,5.0,60.0,3,CCS2,Kukatpally,9,0,0,23.7,0.705,48.8,53.7,4W,198.0,10.87,0
VG-SES-011819,3.0,30.0,2,Type2 AC,Secunderabad,10,1,0,25.8,0.604,53.4,43.8,4W,94.0,0.0,1
VG-SES-018123,7.0,30.0,2,Bharat AC-001,Kukatpally,6,3,0,18.7,0.514,28.8,229.0,Bus,372.0,152.51,0
VG-SES-021720,6.0,30.0,4,Bharat DC-001,Uppal,9,0,0,22.6,0.664,37.4,7.4,3W,174.0,0.0,1
VG-SES-030304,3.0,150.0,5,CCS2,Kukatpally,12,4,0,24.9,0.602,49.6,3.0,2W,40.0,0.49,0
VG-SES-002410,4.0,30.0,4,Bharat AC-001,Gachibowli,19,0,0,34.3,0.822,62.4,260.7,Bus,312.0,89.42,0
VG-SES-034081,3.0,30.0,2,Type2 AC,Secunderabad,16,1,0,27.7,0.65,31.9,10.6,3W,151.0,3.87,0
VG-SES-001775,4.0,150.0,3,CCS2,Uppal,7,3,0,30.0,0.583,34.4,65.0,4W,34.0,16.1,0
VG-SES-024349,7.0,30.0,4,Type2 AC,Gachibowli,8,2,0,28.8,0.554,34.9,3.3,2W,144.0,1.07,0
VG-SES-040863,2.0,15.0,1,Type2 AC,Kukatpally,23,4,0,29.2,0.587,68.9,4.1,2W,437.0,1.14,0
VG-SES-004838,5.0,180.0,5,CHAdeMO,Gachibowli,18,2,0,32.9,0.708,44.8,2.7,2W,24.0,0.27,0
VG-SES-032839,5.0,60.0,3,CCS2,Kukatpally,8,0,0,32.2,0.66,13.4,3.2,2W,47.0,0.0,1
VG-SES-041001,4.0,150.0,3,CCS2,Uppal,6,5,1,19.9,0.515,33.9,36.5,4W,39.0,1.16,0
VG-SES-025859,7.0,30.0,2,Bharat AC-001,Kukatpally,20,0,0,37.9,0.803,48.3,2.2,2W,145.0,0.0,1
VG-SES-018051,2.0,180.0,8,CHAdeMO,Madhapur,18,0,0,24.5,0.776,28.9,272.1,Bus,16.0,20.29,0
VG-SES-007678,5.0,30.0,1,Type2 AC,Secunderabad,23,2,0,23.2,0.629,75.9,2.7,2W,645.0,0.61,0
VG-SES-011209,2.0,60.0,2,CCS2,Gachibowli,9,3,0,21.3,0.644,27.9,2.8,2W,110.0,0.86,0
VG-SES-007861,4.0,60.0,3,Type2 AC,Madhapur,14,3,0,22.6,0.514,50.4,4.3,2W,280.0,0.82,0
VG-SES-004390,2.0,60.0,2,CCS2,Gachibowli,10,6,1,37.9,0.592,39.5,11.4,3W,91.0,0.0,1
VG-SES-005658,2.0,180.0,8,CHAdeMO,Madhapur,19,3,0,34.6,0.78,76.3,3.4,2W,27.0,0.18,0
VG-SES-003540,6.0,30.0,3,Type2 AC,Madhapur,0,1,0,32.4,0.494,21.4,68.4,4W,366.0,27.7,0
VG-SES-010856,3.0,30.0,2,Type2 AC,Secunderabad,13,2,0,28.1,0.601,55.4,2.5,2W,194.0,0.58,0
VG-SES-037161,4.0,30.0,4,Bharat AC-001,Gachibowli,22,0,0,26.9,0.633,33.1,69.8,4W,486.0,21.03,0
VG-SES-028540,4.0,60.0,3,Type2 AC,Madhapur,15,1,0,32.8,0.565,29.7,62.6,4W,153.0,34.54,0
VG-SES-010360,3.0,150.0,5,CCS2,Kukatpally,11,1,0,22.3,0.577,33.9,49.2,4W,52.0,17.51,0
VG-SES-010575,5.0,180.0,5,CHAdeMO,Gachibowli,12,4,0,38.1,0.622,38.8,2.4,2W,30.0,0.04,0
VG-SES-034949,7.0,120.0,7,CCS2,Madhapur,12,3,0,44.5,0.528,68.4,3.3,2W,51.0,0.66,0
VG-SES-003137,6.0,30.0,3,Type2 AC,Madhapur,23,4,0,32.6,0.596,41.8,3.6,2W,304.0,1.89,0
VG-SES-022718,2.0,60.0,2,CCS2,Gachibowli,9,2,0,29.5,0.667,25.6,3.3,2W,151.0,0.85,0
VG-SES-020060,5.0,30.0,1,Type2 AC,Secunderabad,0,5,1,16.7,0.496,63.2,4.3,2W,187.0,0.76,0
VG-SES-023820,3.0,30.0,2,Type2 AC,Secunderabad,15,1,0,29.3,0.664,32.8,2.7,2W,74.0,0.84,0
VG-SES-036588,4.0,30.0,4,Bharat AC-001,Gachibowli,6,3,0,32.4,0.522,19.5,3.6,2W,369.0,1.62,0
VG-SES-036040,2.0,60.0,2,CCS2,Gachibowli,10,2,0,21.7,0.617,60.0,2.0,2W,179.0,0.81,0
VG-SES-003201,2.0,180.0,8,CHAdeMO,Madhapur,18,0,0,36.4,0.731,30.3,51.5,4W,25.0,8.68,0
VG-SES-014982,6.0,30.0,4,Bharat DC-001,Uppal,8,0,0,16.6,0.663,52.5,3.4,2W,132.0,0.52,0
VG-SES-032636,2.0,60.0,2,CCS2,Gachibowli,8,6,1,21.0,0.525,48.6,33.1,4W,223.0,9.57,0
VG-SES-033037,7.0,30.0,2,Bharat AC-001,Kukatpally,21,1,0,35.0,0.773,46.2,9.3,3W,389.0,3.89,0
VG-SES-021674,4.0,150.0,3,CCS2,Uppal,11,4,0,24.8,0.562,37.0,2.4,2W,27.0,0.29,0
VG-SES-038329,3.0,30.0,2,Type2 AC,Secunderabad,10,3,0,32.4,0.606,78.4,25.1,4W,147.0,5.07,0
VG-SES-015718,3.0,30.0,2,Type2 AC,Secunderabad,13,5,1,32.4,0.437,63.4,60.2,4W,181.0,19.07,0
VG-SES-030177,3.0,30.0,2,Type2 AC,Secunderabad,16,1,0,26.5,0.56,46.6,28.1,4W,289.0,12.77,0
VG-SES-018080,5.0,60.0,3,CCS2,Kukatpally,13,4,0,30.0,0.512,48.2,346.0,Bus,223.0,88.88,0
VG-SES-038668,2.0,60.0,2,CCS2,Gachibowli,16,1,0,26.5,0.701,15.5,65.1,4W,172.0,21.19,0
VG-SES-041891,5.0,60.0,3,CCS2,Kukatpally,9,6,1,34.3,0.628,41.1,29.2,4W,181.0,15.88,0
VG-SES-031609,5.0,60.0,3,CCS2,Kukatpally,9,2,0,34.0,0.659,49.3,2.6,2W,201.0,1.26,0
VG-SES-010617,4.0,30.0,4,Bharat AC-001,Gachibowli,20,5,1,24.0,0.731,43.1,3.6,2W,633.0,1.96,0
VG-SES-033241,2.0,180.0,8,CHAdeMO,Madhapur,20,1,0,21.3,0.867,25.3,10.5,3W,35.0,1.74,0
VG-SES-014691,4.0,30.0,4,Bharat AC-001,Gachibowli,20,0,0,25.5,0.863,13.7,2.1,2W,282.0,0.45,0
VG-SES-008371,4.0,60.0,3,Type2 AC,Madhapur,14,1,0,35.6,0.568,52.5,41.0,4W,253.0,16.25,0
VG-SES-008733,3.0,150.0,5,CCS2,Kukatpally,18,2,0,40.6,0.727,29.4,68.0,4W,27.0,12.34,0
VG-SES-006486,6.0,30.0,3,Type2 AC,Madhapur,6,1,0,32.0,0.523,57.7,339.8,Bus,875.0,76.75,0
VG-SES-003184,2.0,180.0,8,CHAdeMO,Madhapur,18,0,0,39.2,0.759,32.1,6.2,3W,43.0,1.07,0
VG-SES-005907,4.0,150.0,3,CCS2,Uppal,18,6,1,27.7,0.67,49.5,4.5,2W,25.0,0.0,1
VG-SES-022881,3.0,30.0,2,Type2 AC,Secunderabad,11,5,1,37.0,0.538,48.5,61.2,4W,158.0,0.0,1
VG-SES-003764,5.0,30.0,1,Type2 AC,Secunderabad,0,6,1,29.0,0.455,38.4,10.0,3W,441.0,4.82,0
VG-SES-012569,5.0,60.0,3,CCS2,Kukatpally,8,3,0,36.1,0.654,64.8,3.2,2W,130.0,0.26,0
VG-SES-016555,3.0,30.0,2,Type2 AC,Secunderabad,15,6,1,28.7,0.521,28.6,3.2,2W,147.0,1.54,0
VG-SES-031126,6.0,150.0,4,GB/T,Secunderabad,20,2,0,36.0,0.897,40.6,3.5,2W,46.0,0.67,0
VG-SES-000781,4.0,60.0,3,Type2 AC,Madhapur,8,6,1,28.1,0.621,32.1,43.3,4W,124.0,23.17,0
VG-SES-010136,5.0,30.0,1,Type2 AC,Secunderabad,23,0,0,34.4,0.592,53.4,72.6,4W,669.0,30.09,0
VG-SES-015672,3.0,30.0,2,Type2 AC,Secunderabad,14,4,0,32.0,0.55,60.9,2.4,2W,174.0,0.69,0
VG-SES-035125,5.0,30.0,1,Type2 AC,Secunderabad,5,6,1,29.1,0.502,27.9,4.1,2W,584.0,1.64,0
VG-SES-000732,2.0,180.0,8,CHAdeMO,Madhapur,21,3,0,37.0,0.761,34.1,11.2,3W,25.0,1.2,0
VG-SES-022238,3.0,150.0,5,CCS2,Kukatpally,20,2,0,38.5,0.817,64.8,8.4,3W,42.0,1.67,0
VG-SES-028990,3.0,30.0,2,Type2 AC,Secunderabad,11,6,1,36.5,0.531,32.1,2.6,2W,173.0,0.36,0
VG-SES-038652,3.0,30.0,2,Type2 AC,Secunderabad,11,5,1,38.7,0.559,50.4,3.7,2W,110.0,1.02,0
VG-SES-004074,7.0,30.0,2,Bharat AC-001,Kukatpally,23,5,1,17.6,0.6,28.5,47.7,4W,174.0,8.38,0
VG-SES-013538,3.0,30.0,2,Type2 AC,Secunderabad,17,5,1,33.5,0.67,25.7,3.0,2W,202.0,0.99,0
VG-SES-003907,5.0,60.0,3,CCS2,Kukatpally,15,1,0,34.7,0.535,29.2,2.9,2W,238.0,1.8,0
VG-SES-008937,2.0,15.0,1,Type2 AC,Kukatpally,22,4,0,27.8,0.698,25.7,2.2,2W,364.0,0.16,0
VG-SES-005510,3.0,30.0,1,Bharat AC-001,Uppal,19,4,0,27.5,0.812,29.4,10.3,3W,877.0,0.0,1
VG-SES-008226,6.0,30.0,4,Bharat DC-001,Uppal,8,3,0,32.6,0.589,62.8,9.0,3W,90.0,3.18,0
VG-SES-008746,5.0,60.0,3,CCS2,Kukatpally,9,5,1,24.8,0.585,23.0,43.8,4W,249.0,11.31,0
VG-SES-026763,3.0,30.0,1,Bharat AC-001,Uppal,21,3,0,22.5,0.772,20.6,3.3,2W,777.0,2.37,0
VG-SES-030882,3.0,150.0,5,CCS2,Kukatpally,18,1,0,31.7,0.801,35.7,63.0,4W,30.0,5.19,0
VG-SES-017870,5.0,60.0,3,CCS2,Kukatpally,9,0,0,21.5,0.686,11.7,2.2,2W,267.0,1.06,0
VG-SES-028166,7.0,30.0,4,Type2 AC,Gachibowli,11,0,0,34.5,0.535,10.9,2.4,2W,150.0,0.49,0
VG-SES-002339,4.0,60.0,3,Type2 AC,Madhapur,13,0,0,25.6,0.609,56.9,2.7,2W,139.0,1.13,0
VG-SES-004758,3.0,30.0,1,Bharat AC-001,Uppal,21,0,0,35.0,0.729,26.3,2.9,2W,212.0,1.71,0
VG-SES-016630,5.0,180.0,5,CHAdeMO,Gachibowli,21,5,1,25.6,0.775,17.7,55.1,4W,63.0,14.06,0
VG-SES-005320,7.0,30.0,4,Type2 AC,Gachibowli,11,3,0,23.0,0.549,24.0,6.5,3W,108.0,0.75,0
VG-SES-035434,6.0,30.0,3,Type2 AC,Madhapur,6,2,0,25.7,0.571,37.5,49.0,4W,468.0,16.01,0
VG-SES-007325,3.0,30.0,1,Bharat AC-001,Uppal,20,5,1,32.4,0.73,66.7,2.9,2W,282.0,0.98,0
VG-SES-004697,3.0,30.0,2,Type2 AC,Secunderabad,11,5,1,35.6,0.595,23.1,7.1,3W,268.0,4.15,0
VG-SES-034271,3.0,30.0,1,Bharat AC-001,Uppal,21,2,0,23.7,0.787,30.4,60.8,4W,392.0,15.52,0
VG-SES-037114,3.0,30.0,1,Bharat AC-001,Uppal,21,5,1,32.0,0.743,22.6,66.2,4W,415.0,36.77,0
VG-SES-013204,3.0,30.0,1,Bharat AC-001,Uppal,19,1,0,24.0,0.885,47.5,3.6,2W,147.0,1.74,0
VG-SES-009397,5.0,60.0,3,CCS2,Kukatpally,9,5,1,30.3,0.509,61.5,3.7,2W,225.0,0.0,1
VG-SES-000163,6.0,30.0,4,Bharat DC-001,Uppal,9,2,0,35.1,0.571,31.4,65.6,4W,154.0,31.93,0
VG-SES-015577,3.0,30.0,1,Bharat AC-001,Uppal,20,2,0,30.7,0.805,15.5,44.9,4W,205.0,9.96,0
VG-SES-001179,5.0,30.0,1,Type2 AC,Secunderabad,19,2,0,35.5,0.809,58.5,3.5,2W,418.0,1.33,0
VG-SES-040030,4.0,60.0,3,Type2 AC,Madhapur,17,1,0,37.6,0.753,63.3,41.0,4W,122.0,14.44,0
VG-SES-009299,4.0,30.0,4,Bharat AC-001,Gachibowli,22,5,1,33.0,0.608,30.0,44.9,4W,364.0,3.09,0
VG-SES-023831,7.0,30.0,2,Bharat AC-001,Kukatpally,21,3,0,34.6,0.726,36.2,41.2,4W,352.0,11.21,0
VG-SES-033304,3.0,30.0,2,Type2 AC,Secunderabad,16,4,0,30.4,0.587,20.3,70.6,4W,184.0,3.32,0
VG-SES-032379,6.0,30.0,3,Type2 AC,Madhapur,20,1,0,28.1,0.829,62.4,3.6,2W,540.0,0.97,0
VG-SES-000303,3.0,150.0,5,CCS2,Kukatpally,11,5,1,30.2,0.631,36.3,52.2,4W,68.0,14.5,0
VG-SES-042039,5.0,60.0,3,CCS2,Kukatpally,17,3,0,31.6,0.679,70.6,25.7,4W,59.0,0.66,0
VG-SES-014732,4.0,60.0,3,Type2 AC,Madhapur,13,6,1,28.6,0.434,38.9,45.0,4W,105.0,22.51,0
VG-SES-034007,6.0,30.0,4,Bharat DC-001,Uppal,17,4,0,38.1,0.619,15.0,7.1,3W,233.0,0.0,1
VG-SES-025562,7.0,120.0,7,CCS2,Madhapur,6,6,1,33.2,0.532,55.1,2.6,2W,39.0,0.03,0
VG-SES-042977,5.0,60.0,3,CCS2,Kukatpally,11,0,0,26.1,0.649,54.7,4.2,2W,202.0,0.28,0
VG-SES-006441,4.0,60.0,3,Type2 AC,Madhapur,13,5,1,24.2,0.515,14.9,2.6,2W,98.0,0.69,0
VG-SES-038272,2.0,15.0,1,Type2 AC,Kukatpally,6,5,1,18.7,0.561,67.6,3.9,2W,158.0,1.18,0
VG-SES-031835,6.0,30.0,4,Bharat DC-001,Uppal,14,5,1,29.6,0.524,63.0,2.2,2W,175.0,0.77,0
VG-SES-039211,7.0,120.0,7,CCS2,Madhapur,20,6,1,28.1,0.757,58.1,234.1,Bus,44.0,46.44,0
VG-SES-019231,3.0,30.0,1,Bharat AC-001,Uppal,19,0,0,34.6,0.817,36.2,25.2,4W,167.0,11.8,0
VG-SES-021608,6.0,150.0,4,GB/T,Secunderabad,18,4,0,27.5,0.743,57.2,56.5,4W,66.0,20.72,0
VG-SES-022234,3.0,150.0,5,CCS2,Kukatpally,19,1,0,36.1,0.849,39.5,8.9,3W,29.0,1.03,0
VG-SES-012020,7.0,30.0,4,Type2 AC,Gachibowli,10,5,1,33.5,0.591,49.8,65.3,4W,247.0,15.99,0
VG-SES-012095,4.0,30.0,4,Bharat AC-001,Gachibowli,6,0,0,26.4,0.611,26.5,54.0,4W,549.0,32.53,0
VG-SES-012841,5.0,30.0,1,Type2 AC,Secunderabad,21,4,0,29.8,0.734,26.3,2.5,2W,161.0,0.78,0
VG-SES-007121,3.0,30.0,2,Type2 AC,Secunderabad,16,1,0,40.9,0.617,48.6,28.8,4W,158.0,14.55,0
VG-SES-013850,6.0,150.0,4,GB/T,Secunderabad,11,6,1,27.2,0.54,40.0,55.4,4W,54.0,21.04,0
VG-SES-036333,7.0,30.0,4,Type2 AC,Gachibowli,15,1,0,42.8,0.628,17.9,2.7,2W,137.0,0.56,0
VG-SES-003298,2.0,180.0,8,CHAdeMO,Madhapur,19,1,0,25.3,0.805,37.1,11.9,3W,34.0,1.8,0
VG-SES-031217,7.0,30.0,2,Bharat AC-001,Kukatpally,23,0,0,25.9,0.611,75.5,2.4,2W,267.0,0.53,0
VG-SES-019594,4.0,30.0,4,Bharat AC-001,Gachibowli,19,6,1,28.3,0.785,77.9,2.8,2W,172.0,0.51,0
VG-SES-036756,7.0,120.0,7,CCS2,Madhapur,11,0,0,34.0,0.658,45.8,67.3,4W,20.0,9.41,0
VG-SES-025035,7.0,120.0,7,CCS2,Madhapur,7,3,0,33.3,0.593,14.8,3.1,2W,29.0,0.39,0
VG-SES-006898,6.0,30.0,3,Type2 AC,Madhapur,20,3,0,34.1,0.749,16.1,3.9,2W,329.0,1.48,0
VG-SES-032354,7.0,30.0,4,Type2 AC,Gachibowli,17,0,0,35.7,0.756,19.0,9.1,3W,127.0,2.4,0
VG-SES-006885,5.0,60.0,3,CCS2,Kukatpally,10,3,0,20.5,0.707,37.1,3.4,2W,147.0,1.63,0
VG-SES-015716,3.0,30.0,1,Bharat AC-001,Uppal,5,6,1,30.1,0.437,68.0,10.8,3W,900.0,3.31,0
VG-SES-030223,6.0,30.0,4,Bharat DC-001,Uppal,9,4,0,36.5,0.673,40.6,276.5,Bus,95.0,0.0,1
VG-SES-034262,2.0,60.0,2,CCS2,Gachibowli,13,0,0,27.0,0.561,64.7,7.2,3W,90.0,1.49,0
VG-SES-035774,2.0,15.0,1,Type2 AC,Kukatpally,23,6,1,23.9,0.635,16.1,2.1,2W,266.0,0.12,0
VG-SES-041720,4.0,150.0,3,CCS2,Uppal,19,3,0,34.5,0.746,20.8,2.9,2W,16.0,0.02,0
VG-SES-009198,6.0,30.0,4,Bharat DC-001,Uppal,11,4,0,39.0,0.655,49.2,31.9,4W,159.0,15.76,0
VG-SES-024704,7.0,120.0,7,CCS2,Madhapur,12,5,1,34.6,0.449,53.5,43.2,4W,21.0,5.95,0
VG-SES-020502,6.0,30.0,3,Type2 AC,Madhapur,1,4,0,20.7,0.495,34.8,29.0,4W,469.0,14.48,0
VG-SES-030898,6.0,30.0,4,Bharat DC-001,Uppal,14,6,1,37.8,0.507,38.8,235.1,Bus,156.0,50.32,0
VG-SES-037836,7.0,120.0,7,CCS2,Madhapur,20,2,0,30.8,0.801,52.3,42.5,4W,24.0,7.04,0
VG-SES-034447,5.0,30.0,1,Type2 AC,Secunderabad,20,2,0,29.9,0.815,53.0,2.7,2W,551.0,1.23,0
VG-SES-023471,2.0,180.0,8,CHAdeMO,Madhapur,19,5,1,35.8,0.741,28.0,3.2,2W,23.0,0.32,0
VG-SES-018882,7.0,30.0,2,Bharat AC-001,Kukatpally,20,1,0,29.8,0.802,58.8,3.2,2W,378.0,1.25,0
VG-SES-028481,3.0,30.0,2,Type2 AC,Secunderabad,17,5,1,24.3,0.658,68.0,2.7,2W,235.0,0.79,0
VG-SES-009935,4.0,150.0,3,CCS2,Uppal,22,4,0,28.1,0.717,61.3,53.3,4W,47.0,13.62,0
VG-SES-001563,5.0,180.0,5,CHAdeMO,Gachibowli,6,4,0,15.3,0.559,41.9,9.0,3W,23.0,0.0,1
VG-SES-003871,7.0,30.0,4,Type2 AC,Gachibowli,13,5,1,38.5,0.494,55.6,3.0,2W,188.0,0.65,0
VG-SES-037280,7.0,120.0,7,CCS2,Madhapur,21,2,0,28.8,0.696,42.1,235.1,Bus,76.0,16.28,0
VG-SES-014613,3.0,150.0,5,CCS2,Kukatpally,18,3,0,30.5,0.792,42.1,42.1,4W,52.0,12.61,0
VG-SES-035295,6.0,150.0,4,GB/T,Secunderabad,19,6,1,37.3,0.71,8.8,9.9,3W,41.0,0.0,1
VG-SES-028575,2.0,180.0,8,CHAdeMO,Madhapur,21,3,0,25.2,0.784,46.2,2.0,2W,17.0,0.15,0
VG-SES-019660,6.0,30.0,4,Bharat DC-001,Uppal,15,4,0,32.0,0.56,35.6,280.1,Bus,105.0,43.41,0
VG-SES-030922,6.0,150.0,4,GB/T,Secunderabad,8,4,0,34.7,0.67,33.0,25.1,4W,40.0,6.94,0
VG-SES-009390,7.0,30.0,4,Type2 AC,Gachibowli,11,0,0,26.0,0.613,52.0,40.2,4W,178.0,18.44,0
VG-SES-034009,3.0,30.0,1,Bharat AC-001,Uppal,2,1,0,14.7,0.478,17.9,40.3,4W,356.0,29.16,0
VG-SES-008270,3.0,30.0,2,Type2 AC,Secunderabad,9,4,0,27.2,0.598,35.9,3.1,2W,138.0,1.64,0
VG-SES-013090,6.0,30.0,4,Bharat DC-001,Uppal,10,3,0,36.2,0.585,8.6,46.2,4W,100.0,31.35,0
VG-SES-006803,3.0,30.0,2,Type2 AC,Secunderabad,15,2,0,23.7,0.583,44.8,10.9,3W,224.0,4.53,0
VG-SES-022033,4.0,60.0,3,Type2 AC,Madhapur,8,0,0,31.6,0.629,56.5,11.1,3W,151.0,3.98,0
VG-SES-030837,2.0,180.0,8,CHAdeMO,Madhapur,22,4,0,24.0,0.732,48.0,3.5,2W,24.0,0.32,0
VG-SES-005861,2.0,180.0,8,CHAdeMO,Madhapur,19,5,1,34.2,0.735,28.2,36.5,4W,68.0,17.4,0
VG-SES-034546,7.0,30.0,4,Type2 AC,Gachibowli,11,2,0,29.3,0.536,30.9,9.7,3W,151.0,5.66,0
VG-SES-037119,4.0,30.0,4,Bharat AC-001,Gachibowli,20,2,0,32.0,0.814,29.5,3.2,2W,321.0,0.72,0
VG-SES-038486,2.0,60.0,2,CCS2,Gachibowli,17,5,1,31.8,0.668,46.8,236.8,Bus,183.0,129.06,0
VG-SES-017145,6.0,30.0,4,Bharat DC-001,Uppal,17,1,0,22.3,0.74,50.1,66.2,4W,97.0,9.83,0
VG-SES-034068,6.0,30.0,3,Type2 AC,Madhapur,6,3,0,33.2,0.589,30.9,2.6,2W,525.0,1.58,0
VG-SES-012465,2.0,180.0,8,CHAdeMO,Madhapur,6,6,1,26.3,0.489,21.7,69.5,4W,14.0,6.91,0
VG-SES-017129,6.0,150.0,4,GB/T,Secunderabad,11,0,0,26.0,0.557,21.7,2.6,2W,8.0,0.15,0
VG-SES-009535,2.0,15.0,1,Type2 AC,Kukatpally,20,5,1,35.9,0.801,36.9,9.0,3W,427.0,1.8,0
VG-SES-034121,6.0,150.0,4,GB/T,Secunderabad,19,0,0,40.5,0.863,37.6,48.6,4W,51.0,16.6,0
VG-SES-043982,5.0,180.0,5,CHAdeMO,Gachibowli,22,0,0,35.7,0.706,31.1,7.6,3W,63.0,0.0,1
VG-SES-012002,2.0,60.0,2,CCS2,Gachibowli,16,5,1,31.4,0.589,35.0,3.6,2W,173.0,2.15,0
VG-SES-006273,7.0,30.0,4,Type2 AC,Gachibowli,10,6,1,34.2,0.509,25.0,3.1,2W,145.0,1.14,0
VG-SES-001158,4.0,60.0,3,Type2 AC,Madhapur,10,4,0,33.9,0.655,27.0,301.5,Bus,113.0,107.69,0
VG-SES-004859,3.0,30.0,2,Type2 AC,Secunderabad,8,3,0,24.6,0.646,54.4,2.6,2W,102.0,0.69,0
VG-SES-030668,6.0,30.0,4,Bharat DC-001,Uppal,15,4,0,40.1,0.584,49.0,2.2,2W,114.0,0.84,0
VG-SES-008660,4.0,30.0,4,Bharat AC-001,Gachibowli,21,3,0,20.5,0.754,65.9,2.2,2W,374.0,0.69,0
VG-SES-038281,2.0,60.0,2,CCS2,Gachibowli,10,3,0,30.8,0.619,56.3,3.5,2W,144.0,0.32,0
VG-SES-010729,2.0,60.0,2,CCS2,Gachibowli,8,1,0,31.6,0.665,8.0,335.4,Bus,161.0,143.64,0
VG-SES-009270,6.0,150.0,4,GB/T,Secunderabad,18,3,0,41.3,0.755,27.7,37.2,4W,40.0,0.0,1
VG-SES-037670,7.0,120.0,7,CCS2,Madhapur,21,1,0,22.7,0.762,31.3,3.3,2W,31.0,0.26,0
VG-SES-035773,3.0,150.0,5,CCS2,Kukatpally,11,4,0,38.0,0.646,44.6,10.8,3W,10.0,0.53,0
VG-SES-041231,6.0,150.0,4,GB/T,Secunderabad,19,1,0,25.4,0.741,28.5,2.2,2W,13.0,0.15,0
VG-SES-019073,4.0,60.0,3,Type2 AC,Madhapur,14,6,1,32.2,0.501,32.4,6.2,3W,101.0,0.62,0
VG-SES-036570,4.0,60.0,3,Type2 AC,Madhapur,16,2,0,32.9,0.635,25.6,46.6,4W,136.0,17.6,0
VG-SES-033776,5.0,30.0,1,Type2 AC,Secunderabad,23,0,0,31.0,0.613,22.6,2.2,2W,483.0,0.48,0
VG-SES-001983,7.0,30.0,2,Bharat AC-001,Kukatpally,22,5,1,28.8,0.743,36.3,4.4,2W,390.0,2.86,0
VG-SES-013576,2.0,15.0,1,Type2 AC,Kukatpally,6,5,1,29.4,0.533,35.2,8.0,3W,364.0,3.45,0
VG-SES-011336,3.0,30.0,2,Type2 AC,Secunderabad,14,6,1,43.2,0.513,59.2,29.6,4W,97.0,11.49,0
VG-SES-007826,6.0,150.0,4,GB/T,Secunderabad,20,0,0,19.8,0.779,20.8,2.5,2W,47.0,0.46,0
VG-SES-012065,3.0,150.0,5,CCS2,Kukatpally,19,1,0,32.5,0.813,28.3,2.4,2W,15.0,0.17,0
VG-SES-014956,6.0,30.0,3,Type2 AC,Madhapur,21,2,0,26.2,0.802,48.8,2.7,2W,461.0,1.19,0
VG-SES-010580,4.0,60.0,3,Type2 AC,Madhapur,11,4,0,34.7,0.567,38.2,9.2,3W,140.0,2.93,0
VG-SES-006971,4.0,60.0,3,Type2 AC,Madhapur,9,0,0,25.2,0.591,66.3,2.7,2W,166.0,0.8,0
VG-SES-039139,4.0,150.0,3,CCS2,Uppal,7,5,1,28.8,0.495,35.8,3.2,2W,53.0,0.73,0
VG-SES-019784,4.0,60.0,3,Type2 AC,Madhapur,9,5,1,36.5,0.569,36.3,216.6,Bus,101.0,90.75,0
VG-SES-029681,6.0,30.0,4,Bharat DC-001,Uppal,15,1,0,43.3,0.59,34.7,2.9,2W,215.0,0.38,0
VG-SES-031890,7.0,30.0,2,Bharat AC-001,Kukatpally,2,0,0,25.9,0.534,52.1,32.6,4W,263.0,1.32,0
VG-SES-018038,2.0,15.0,1,Type2 AC,Kukatpally,22,1,0,22.9,0.764,55.7,11.5,3W,435.0,4.73,0
VG-SES-024353,6.0,150.0,4,GB/T,Secunderabad,18,6,1,37.1,0.668,30.6,65.5,4W,29.0,13.58,0
VG-SES-011486,6.0,30.0,3,Type2 AC,Madhapur,21,3,0,20.6,0.793,11.6,198.0,Bus,698.0,122.39,0
VG-SES-026096,5.0,30.0,1,Type2 AC,Secunderabad,19,6,1,20.8,0.778,70.6,9.8,3W,532.0,2.9,0
VG-SES-028810,4.0,60.0,3,Type2 AC,Madhapur,15,6,1,24.5,0.559,39.2,10.0,3W,308.0,5.35,0
VG-SES-021667,5.0,30.0,1,Type2 AC,Secunderabad,23,1,0,30.3,0.578,56.4,2.5,2W,411.0,0.75,0
VG-SES-026273,5.0,60.0,3,CCS2,Kukatpally,10,1,0,25.2,0.57,32.4,2.6,2W,128.0,0.58,0
VG-SES-004031,3.0,30.0,1,Bharat AC-001,Uppal,22,2,0,34.2,0.666,27.0,70.7,4W,428.0,6.9,0
VG-SES-034259,6.0,30.0,4,Bharat DC-001,Uppal,15,3,0,37.7,0.535,20.9,3.1,2W,198.0,0.76,0
VG-SES-031660,4.0,60.0,3,Type2 AC,Madhapur,11,5,1,31.4,0.566,12.7,10.7,3W,116.0,2.1,0
VG-SES-011510,5.0,180.0,5,CHAdeMO,Gachibowli,18,1,0,36.4,0.803,14.0,4.2,2W,47.0,0.0,1
VG-SES-012787,2.0,60.0,2,CCS2,Gachibowli,10,5,1,39.1,0.563,54.9,4.5,2W,203.0,2.0,0
VG-SES-004085,7.0,120.0,7,CCS2,Madhapur,20,2,0,40.5,0.869,39.8,2.8,2W,22.0,0.27,0
VG-SES-003835,7.0,30.0,4,Type2 AC,Gachibowli,13,2,0,36.2,0.441,39.1,3.4,2W,75.0,1.15,0
VG-SES-022059,7.0,120.0,7,CCS2,Madhapur,19,1,0,27.6,0.838,15.7,41.9,4W,26.0,7.2,0
VG-SES-002728,5.0,180.0,5,CHAdeMO,Gachibowli,6,2,0,23.1,0.529,47.0,4.0,2W,61.0,0.0,1
VG-SES-024280,6.0,30.0,4,Bharat DC-001,Uppal,9,0,0,23.5,0.621,35.7,4.0,2W,160.0,2.46,0
VG-SES-019710,7.0,120.0,7,CCS2,Madhapur,22,5,1,29.0,0.661,24.7,67.6,4W,31.0,6.19,0
VG-SES-039890,2.0,180.0,8,CHAdeMO,Madhapur,19,5,1,21.8,0.737,42.0,3.0,2W,14.0,0.18,0
VG-SES-005274,4.0,150.0,3,CCS2,Uppal,19,2,0,38.0,0.79,41.9,2.8,2W,23.0,0.26,0
VG-SES-022831,2.0,15.0,1,Type2 AC,Kukatpally,1,6,1,25.1,0.477,37.6,3.1,2W,360.0,1.75,0
VG-SES-026264,6.0,150.0,4,GB/T,Secunderabad,18,6,1,37.7,0.695,23.0,4.0,2W,21.0,0.36,0
VG-SES-010176,6.0,30.0,4,Bharat DC-001,Uppal,11,6,1,19.7,0.546,22.2,8.4,3W,148.0,0.53,0
VG-SES-028804,2.0,180.0,8,CHAdeMO,Madhapur,19,2,0,21.7,0.775,74.4,2.4,2W,30.0,0.29,0
VG-SES-028674,5.0,60.0,3,CCS2,Kukatpally,9,4,0,32.8,0.652,23.4,8.6,3W,224.0,5.92,0
VG-SES-005839,3.0,150.0,5,CCS2,Kukatpally,12,1,0,36.2,0.548,59.3,41.6,4W,36.0,10.21,0
VG-SES-035978,2.0,60.0,2,CCS2,Gachibowli,8,1,0,22.8,0.628,66.8,253.6,Bus,437.0,0.0,1
VG-SES-043821,3.0,150.0,5,CCS2,Kukatpally,11,6,1,21.1,0.533,56.7,3.3,2W,19.0,0.29,0
VG-SES-025078,3.0,150.0,5,CCS2,Kukatpally,7,5,1,22.2,0.578,57.8,2.8,2W,41.0,0.11,0
VG-SES-016743,2.0,60.0,2,CCS2,Gachibowli,17,4,0,39.4,0.682,38.7,39.4,4W,103.0,18.91,0
VG-SES-018904,5.0,180.0,5,CHAdeMO,Gachibowli,21,4,0,36.2,0.866,63.4,192.0,Bus,33.0,0.0,1
VG-SES-031722,3.0,30.0,2,Type2 AC,Secunderabad,11,0,0,25.5,0.585,22.5,42.3,4W,159.0,10.91,0
VG-SES-031582,5.0,180.0,5,CHAdeMO,Gachibowli,20,4,0,36.5,0.735,59.1,36.0,4W,27.0,1.72,0
VG-SES-027895,6.0,30.0,4,Bharat DC-001,Uppal,9,6,1,26.0,0.565,72.1,47.3,4W,140.0,11.65,0
VG-SES-031192,3.0,150.0,5,CCS2,Kukatpally,12,1,0,32.4,0.57,52.6,71.3,4W,20.0,9.91,0
VG-SES-003301,6.0,30.0,4,Bharat DC-001,Uppal,14,1,0,42.4,0.561,23.7,2.7,2W,199.0,0.4,0
VG-SES-010481,7.0,30.0,4,Type2 AC,Gachibowli,11,3,0,34.3,0.633,31.1,3.1,2W,213.0,1.7,0
VG-SES-035820,7.0,30.0,4,Type2 AC,Gachibowli,8,5,1,25.1,0.602,61.5,10.9,3W,86.0,3.84,0
VG-SES-019450,4.0,150.0,3,CCS2,Uppal,21,2,0,30.2,0.804,26.0,3.3,2W,32.0,0.43,0
VG-SES-033238,5.0,180.0,5,CHAdeMO,Gachibowli,6,2,0,27.0,0.584,68.9,8.1,3W,31.0,0.97,0
VG-SES-025253,4.0,30.0,4,Bharat AC-001,Gachibowli,0,5,1,16.6,0.423,41.4,28.5,4W,452.0,9.1,0
VG-SES-007411,7.0,120.0,7,CCS2,Madhapur,18,2,0,25.5,0.766,54.3,2.5,2W,54.0,0.58,0
VG-SES-006642,6.0,30.0,3,Type2 AC,Madhapur,1,6,1,24.6,0.48,68.4,10.5,3W,262.0,3.52,0
VG-SES-015986,6.0,30.0,4,Bharat DC-001,Uppal,9,2,0,23.3,0.614,38.4,2.1,2W,165.0,1.24,0
VG-SES-024350,2.0,15.0,1,Type2 AC,Kukatpally,2,0,0,29.3,0.511,65.3,2.5,2W,681.0,0.82,0
VG-SES-029382,5.0,180.0,5,CHAdeMO,Gachibowli,12,3,0,29.3,0.63,21.4,3.1,2W,39.0,0.51,0
VG-SES-005974,3.0,150.0,5,CCS2,Kukatpally,19,3,0,34.0,0.848,44.5,3.3,2W,44.0,0.0,1
VG-SES-037010,5.0,60.0,3,CCS2,Kukatpally,14,5,1,23.0,0.516,12.3,4.2,2W,80.0,1.19,0
VG-SES-012775,5.0,60.0,3,CCS2,Kukatpally,15,3,0,27.7,0.592,46.9,2.6,2W,201.0,1.22,0
VG-SES-018237,4.0,30.0,4,Bharat AC-001,Gachibowli,19,1,0,36.1,0.778,41.8,234.1,Bus,589.0,125.26,0
VG-SES-031038,7.0,30.0,4,Type2 AC,Gachibowli,11,6,1,24.3,0.558,19.2,7.2,3W,86.0,2.7,0
VG-SES-004890,7.0,30.0,2,Bharat AC-001,Kukatpally,23,0,0,25.0,0.671,39.1,2.8,2W,407.0,1.61,0
VG-SES-027175,7.0,120.0,7,CCS2,Madhapur,8,4,0,30.2,0.546,24.5,8.9,3W,24.0,18.77,0
VG-SES-042706,7.0,120.0,7,CCS2,Madhapur,22,5,1,29.9,0.656,40.5,4.1,2W,61.0,1.15,0
VG-SES-006761,5.0,30.0,1,Type2 AC,Secunderabad,1,3,0,29.7,0.496,36.4,66.3,4W,475.0,34.04,0
VG-SES-008113,7.0,30.0,4,Type2 AC,Gachibowli,10,6,1,29.7,0.563,53.2,4.2,2W,130.0,1.48,0
VG-SES-005958,7.0,120.0,7,CCS2,Madhapur,13,0,0,33.8,0.496,36.8,70.1,4W,53.0,23.94,0
VG-SES-043121,5.0,30.0,1,Type2 AC,Secunderabad,5,2,0,28.3,0.503,61.3,51.5,4W,96.0,13.89,0
VG-SES-005656,5.0,60.0,3,CCS2,Kukatpally,8,2,0,36.1,0.621,72.4,3.3,2W,176.0,0.25,0
VG-SES-013144,7.0,30.0,4,Type2 AC,Gachibowli,14,5,1,29.3,0.485,20.6,43.2,4W,125.0,12.92,0
VG-SES-018632,7.0,120.0,7,CCS2,Madhapur,8,0,0,33.1,0.623,30.9,4.1,2W,46.0,0.77,0
VG-SES-027967,4.0,60.0,3,Type2 AC,Madhapur,15,2,0,39.2,0.636,47.6,42.2,4W,83.0,13.84,0
VG-SES-035280,4.0,60.0,3,Type2 AC,Madhapur,17,4,0,27.2,0.664,45.6,62.0,4W,97.0,17.11,0
VG-SES-034186,4.0,150.0,3,CCS2,Uppal,11,1,0,21.6,0.539,58.3,37.4,4W,50.0,13.84,0
VG-SES-044989,2.0,180.0,8,CHAdeMO,Madhapur,19,4,0,35.1,0.842,13.8,3.7,2W,46.0,0.72,0
VG-SES-028681,7.0,120.0,7,CCS2,Madhapur,11,4,0,32.5,0.644,78.8,3.5,2W,37.0,0.21,0
VG-SES-007621,3.0,30.0,1,Bharat AC-001,Uppal,23,0,0,33.3,0.643,54.3,67.9,4W,222.0,19.63,0
VG-SES-018282,6.0,30.0,4,Bharat DC-001,Uppal,16,6,1,31.9,0.564,58.6,28.5,4W,101.0,0.0,1
VG-SES-026420,3.0,150.0,5,CCS2,Kukatpally,20,1,0,33.9,0.833,35.5,3.3,2W,57.0,0.84,0
VG-SES-013697,7.0,30.0,4,Type2 AC,Gachibowli,13,3,0,39.7,0.547,20.2,35.3,4W,168.0,2.64,0
VG-SES-041073,4.0,150.0,3,CCS2,Uppal,7,0,0,27.5,0.595,50.5,67.8,4W,22.0,10.45,0
VG-SES-026662,2.0,15.0,1,Type2 AC,Kukatpally,22,5,1,30.6,0.663,13.6,10.0,3W,319.0,5.81,0
VG-SES-004337,7.0,30.0,2,Bharat AC-001,Kukatpally,20,2,0,25.8,0.811,58.1,2.6,2W,700.0,0.0,1
VG-SES-022146,3.0,30.0,1,Bharat AC-001,Uppal,23,4,0,31.5,0.58,57.9,32.5,4W,401.0,13.75,0
VG-SES-041367,5.0,60.0,3,CCS2,Kukatpally,9,3,0,36.2,0.572,33.9,2.7,2W,137.0,1.3,0
VG-SES-010839,5.0,60.0,3,CCS2,Kukatpally,10,4,0,25.9,0.528,32.0,7.1,3W,120.0,2.56,0
VG-SES-044085,5.0,30.0,1,Type2 AC,Secunderabad,23,5,1,21.7,0.554,34.3,57.4,4W,533.0,11.36,0
VG-SES-018945,3.0,30.0,2,Type2 AC,Secunderabad,11,3,0,22.5,0.655,40.7,67.7,4W,115.0,32.16,0
VG-SES-031476,3.0,30.0,1,Bharat AC-001,Uppal,20,1,0,23.7,0.784,34.8,10.8,3W,614.0,2.45,0
VG-SES-011632,7.0,30.0,2,Bharat AC-001,Kukatpally,22,1,0,20.1,0.603,15.8,52.8,4W,583.0,27.83,0
VG-SES-012745,4.0,30.0,4,Bharat AC-001,Gachibowli,22,3,0,24.3,0.688,11.6,3.8,2W,424.0,2.7,0
VG-SES-026744,4.0,150.0,3,CCS2,Uppal,22,3,0,23.1,0.61,54.9,56.5,4W,43.0,17.35,0
VG-SES-037037,5.0,180.0,5,CHAdeMO,Gachibowli,12,5,1,25.9,0.502,43.7,2.6,2W,53.0,0.6,0
VG-SES-010002,6.0,30.0,3,Type2 AC,Madhapur,20,2,0,32.5,0.856,44.7,58.8,4W,221.0,28.26,0
VG-SES-029172,4.0,60.0,3,Type2 AC,Madhapur,17,5,1,28.5,0.587,42.2,266.1,Bus,150.0,142.66,0
VG-SES-017101,3.0,30.0,2,Type2 AC,Secunderabad,8,5,1,35.8,0.65,22.5,6.5,3W,110.0,2.53,0
VG-SES-030438,7.0,120.0,7,CCS2,Madhapur,22,0,0,37.1,0.707,21.5,2.7,2W,55.0,0.66,0
VG-SES-011332,4.0,60.0,3,Type2 AC,Madhapur,10,5,1,34.1,0.565,23.5,2.7,2W,241.0,1.7,0
VG-SES-009750,6.0,30.0,3,Type2 AC,Madhapur,21,6,1,19.4,0.739,9.8,4.2,2W,543.0,0.2,0
VG-SES-027996,3.0,30.0,1,Bharat AC-001,Uppal,5,2,0,33.0,0.578,58.9,3.7,2W,244.0,1.36,0
VG-SES-026541,3.0,30.0,2,Type2 AC,Secunderabad,9,0,0,22.7,0.643,31.6,3.6,2W,195.0,1.33,0
VG-SES-029661,5.0,60.0,3,CCS2,Kukatpally,9,3,0,37.0,0.619,64.9,32.0,4W,102.0,6.91,0
VG-SES-007972,4.0,60.0,3,Type2 AC,Madhapur,15,6,1,38.5,0.512,48.5,3.9,2W,229.0,0.61,0
VG-SES-017141,4.0,30.0,4,Bharat AC-001,Gachibowli,23,5,1,30.5,0.648,28.2,50.5,4W,401.0,10.9,0
VG-SES-021768,4.0,60.0,3,Type2 AC,Madhapur,13,2,0,37.7,0.574,59.7,212.1,Bus,89.0,64.12,0
VG-SES-016757,5.0,30.0,1,Type2 AC,Secunderabad,2,2,0,18.4,0.502,14.8,38.6,4W,390.0,0.0,1
VG-SES-017253,3.0,30.0,1,Bharat AC-001,Uppal,21,0,0,29.0,0.73,21.3,2.8,2W,416.0,1.66,0
VG-SES-027819,6.0,30.0,3,Type2 AC,Madhapur,6,4,0,19.9,0.55,61.0,2.8,2W,251.0,0.52,0
VG-SES-022149,4.0,30.0,4,Bharat AC-001,Gachibowli,23,4,0,33.3,0.565,58.8,4.3,2W,843.0,0.0,1
VG-SES-032659,2.0,60.0,2,CCS2,Gachibowli,11,4,0,27.2,0.602,36.4,2.1,2W,96.0,0.76,0
VG-SES-021088,5.0,180.0,5,CHAdeMO,Gachibowli,20,2,0,25.3,0.805,56.0,2.0,2W,62.0,0.54,0
VG-SES-038560,2.0,15.0,1,Type2 AC,Kukatpally,21,6,1,39.8,0.745,24.8,56.0,4W,431.0,23.4,0
VG-SES-038222,5.0,30.0,1,Type2 AC,Secunderabad,0,6,1,33.1,0.478,69.2,57.9,4W,138.0,16.64,0
VG-SES-015989,7.0,30.0,4,Type2 AC,Gachibowli,8,1,0,34.2,0.683,37.4,2.4,2W,242.0,0.59,0
VG-SES-030063,3.0,150.0,5,CCS2,Kukatpally,22,5,1,26.0,0.56,49.7,206.1,Bus,25.0,25.08,0
VG-SES-033160,6.0,30.0,4,Bharat DC-001,Uppal,15,4,0,40.0,0.562,45.1,10.9,3W,121.0,4.17,0
VG-SES-010622,2.0,180.0,8,CHAdeMO,Madhapur,13,5,1,30.6,0.548,40.4,57.5,4W,34.0,14.07,0
VG-SES-019089,7.0,120.0,7,CCS2,Madhapur,13,3,0,29.9,0.61,52.5,7.0,3W,13.0,0.4,0
VG-SES-039171,6.0,150.0,4,GB/T,Secunderabad,18,2,0,25.6,0.74,27.9,3.3,2W,29.0,0.42,0
VG-SES-034599,5.0,30.0,1,Type2 AC,Secunderabad,0,4,0,31.5,0.461,54.6,3.0,2W,147.0,0.73,0
VG-SES-015695,4.0,60.0,3,Type2 AC,Madhapur,11,2,0,30.3,0.57,16.2,30.9,4W,332.0,4.41,0
VG-SES-011986,3.0,30.0,2,Type2 AC,Secunderabad,11,4,0,25.2,0.634,56.4,69.6,4W,291.0,32.56,0
VG-SES-039543,4.0,150.0,3,CCS2,Uppal,18,6,1,39.2,0.726,59.2,2.2,2W,25.0,0.22,0
VG-SES-004555,6.0,30.0,4,Bharat DC-001,Uppal,15,5,1,38.4,0.516,70.3,2.1,2W,127.0,0.64,0
VG-SES-025448,2.0,180.0,8,CHAdeMO,Madhapur,12,4,0,40.0,0.541,46.8,11.3,3W,30.0,1.49,0
VG-SES-012533,7.0,30.0,2,Bharat AC-001,Kukatpally,23,2,0,31.3,0.58,47.7,2.6,2W,425.0,0.62,0
VG-SES-031599,6.0,30.0,3,Type2 AC,Madhapur,19,2,0,21.8,0.795,46.9,3.7,2W,495.0,1.2,0
VG-SES-010695,2.0,60.0,2,CCS2,Gachibowli,8,2,0,29.9,0.672,17.7,4.4,2W,35.0,0.68,0
VG-SES-035754,3.0,150.0,5,CCS2,Kukatpally,20,2,0,22.0,0.744,42.0,2.6,2W,20.0,0.23,0
VG-SES-025705,5.0,30.0,1,Type2 AC,Secunderabad,22,1,0,28.8,0.681,47.4,6.8,3W,386.0,0.91,0
VG-SES-028719,7.0,30.0,4,Type2 AC,Gachibowli,8,1,0,32.2,0.616,52.8,53.7,4W,144.0,22.9,0
VG-SES-002955,6.0,150.0,4,GB/T,Secunderabad,7,5,1,26.3,0.569,67.0,9.7,3W,37.0,1.6,0
VG-SES-010785,5.0,60.0,3,CCS2,Kukatpally,11,6,1,36.2,0.522,33.7,7.4,3W,175.0,4.19,0
VG-SES-023339,3.0,30.0,1,Bharat AC-001,Uppal,1,1,0,19.3,0.502,26.5,11.3,3W,900.0,2.61,0
VG-SES-004868,5.0,60.0,3,CCS2,Kukatpally,9,4,0,30.0,0.589,44.2,3.1,2W,162.0,0.61,0
VG-SES-017554,5.0,30.0,1,Type2 AC,Secunderabad,19,0,0,36.1,0.808,49.8,2.7,2W,253.0,0.0,1
VG-SES-013334,3.0,30.0,1,Bharat AC-001,Uppal,5,4,0,22.7,0.544,46.6,2.8,2W,308.0,1.42,0
VG-SES-030368,6.0,150.0,4,GB/T,Secunderabad,22,2,0,25.3,0.716,44.3,4.5,2W,34.0,0.68,0
VG-SES-008900,5.0,180.0,5,CHAdeMO,Gachibowli,19,5,1,33.1,0.704,24.5,73.2,4W,43.0,21.79,0
VG-SES-044812,2.0,180.0,8,CHAdeMO,Madhapur,7,0,0,24.7,0.565,34.2,2.0,2W,13.0,0.15,0
VG-SES-034268,5.0,30.0,1,Type2 AC,Secunderabad,19,1,0,29.5,0.819,49.3,11.1,3W,572.0,5.04,0
VG-SES-007781,3.0,30.0,1,Bharat AC-001,Uppal,1,5,1,18.5,0.457,62.9,74.7,4W,234.0,12.52,0
VG-SES-019580,7.0,30.0,4,Type2 AC,Gachibowli,10,1,0,28.0,0.65,66.5,30.3,4W,158.0,9.38,0
VG-SES-007274,4.0,150.0,3,CCS2,Uppal,19,5,1,21.1,0.676,30.4,2.3,2W,35.0,0.15,0
VG-SES-013987,7.0,120.0,7,CCS2,Madhapur,12,5,1,39.6,0.49,41.5,6.3,3W,50.0,1.29,0
VG-SES-023153,5.0,60.0,3,CCS2,Kukatpally,11,3,0,36.4,0.599,55.2,3.0,2W,90.0,1.16,0
VG-SES-008421,7.0,30.0,4,Type2 AC,Gachibowli,11,4,0,29.1,0.612,21.6,50.4,4W,93.0,17.19,0
VG-SES-040060,6.0,150.0,4,GB/T,Secunderabad,6,5,1,13.9,0.436,39.3,2.3,2W,13.0,0.15,0
VG-SES-042038,6.0,30.0,4,Bharat DC-001,Uppal,15,6,1,35.9,0.479,70.2,3.8,2W,147.0,1.05,0
VG-SES-039833,5.0,60.0,3,CCS2,Kukatpally,17,6,1,31.5,0.66,67.5,3.7,2W,51.0,0.82,0
VG-SES-026495,6.0,30.0,3,Type2 AC,Madhapur,1,3,0,18.2,0.565,33.5,3.4,2W,490.0,0.56,0
VG-SES-037728,2.0,60.0,2,CCS2,Gachibowli,15,4,0,28.9,0.582,37.7,9.8,3W,149.0,5.45,0
VG-SES-038286,7.0,30.0,2,Bharat AC-001,Kukatpally,23,1,0,34.5,0.625,30.1,3.4,2W,146.0,1.29,0
VG-SES-019790,5.0,180.0,5,CHAdeMO,Gachibowli,7,6,1,19.1,0.569,33.1,65.0,4W,32.0,2.45,0
VG-SES-007586,5.0,60.0,3,CCS2,Kukatpally,17,6,1,26.3,0.646,67.0,3.3,2W,90.0,0.88,0
VG-SES-018544,3.0,150.0,5,CCS2,Kukatpally,21,2,0,22.6,0.813,65.1,55.2,4W,37.0,13.76,0
VG-SES-015355,4.0,30.0,4,Bharat AC-001,Gachibowli,0,1,0,27.3,0.514,19.0,3.3,2W,540.0,1.15,0
VG-SES-020532,2.0,60.0,2,CCS2,Gachibowli,9,6,1,34.5,0.591,34.0,30.3,4W,137.0,14.18,0
VG-SES-017472,2.0,15.0,1,Type2 AC,Kukatpally,23,2,0,25.5,0.657,43.2,41.0,4W,637.0,7.35,0
VG-SES-010133,5.0,180.0,5,CHAdeMO,Gachibowli,7,0,0,21.9,0.59,16.2,44.5,4W,43.0,12.01,0
VG-SES-044595,3.0,150.0,5,CCS2,Kukatpally,13,1,0,31.8,0.556,40.3,4.4,2W,48.0,0.82,0
VG-SES-015225,6.0,30.0,3,Type2 AC,Madhapur,5,5,1,33.1,0.464,23.8,2.9,2W,571.0,2.11,0
VG-SES-025905,5.0,30.0,1,Type2 AC,Secunderabad,20,0,0,21.3,0.839,31.3,236.3,Bus,442.0,58.36,0
VG-SES-021968,3.0,150.0,5,CCS2,Kukatpally,7,1,0,34.2,0.567,52.3,74.8,4W,42.0,20.85,0
VG-SES-029712,2.0,180.0,8,CHAdeMO,Madhapur,7,3,0,25.4,0.573,82.6,58.7,4W,35.0,8.75,0
VG-SES-016938,4.0,60.0,3,Type2 AC,Madhapur,10,5,1,41.8,0.543,29.3,50.3,4W,138.0,23.04,0
VG-SES-000330,7.0,30.0,4,Type2 AC,Gachibowli,15,4,0,37.8,0.52,55.2,3.0,2W,140.0,1.39,0
VG-SES-019778,3.0,30.0,1,Bharat AC-001,Uppal,22,6,1,23.8,0.633,34.5,10.0,3W,318.0,2.36,0
VG-SES-019574,3.0,30.0,2,Type2 AC,Secunderabad,10,6,1,20.9,0.624,19.9,27.8,4W,132.0,9.73,0
VG-SES-041170,7.0,120.0,7,CCS2,Madhapur,21,0,0,20.6,0.832,47.3,2.4,2W,24.0,3.9,0
VG-SES-003049,4.0,150.0,3,CCS2,Uppal,6,1,0,18.9,0.54,49.0,33.1,4W,46.0,10.03,0
VG-SES-012906,4.0,60.0,3,Type2 AC,Madhapur,11,6,1,34.8,0.591,6.9,4.2,2W,72.0,1.3,0
VG-SES-019612,3.0,150.0,5,CCS2,Kukatpally,13,3,0,29.6,0.517,69.0,2.9,2W,18.0,0.19,0
VG-SES-027726,5.0,180.0,5,CHAdeMO,Gachibowli,22,1,0,32.6,0.685,61.2,10.0,3W,49.0,2.21,0
VG-SES-003349,2.0,15.0,1,Type2 AC,Kukatpally,22,0,0,31.2,0.691,44.8,3.4,2W,374.0,1.84,0
VG-SES-025661,5.0,60.0,3,CCS2,Kukatpally,13,2,0,31.9,0.568,20.0,2.6,2W,71.0,0.8,0
VG-SES-020074,7.0,30.0,4,Type2 AC,Gachibowli,11,1,0,34.4,0.567,35.1,2.7,2W,203.0,1.06,0
VG-SES-033761,7.0,30.0,4,Type2 AC,Gachibowli,13,1,0,26.0,0.498,31.8,32.1,4W,198.0,8.93,0
VG-SES-014755,6.0,30.0,3,Type2 AC,Madhapur,19,1,0,40.1,0.859,21.5,6.2,3W,178.0,2.04,0
VG-SES-010179,5.0,60.0,3,CCS2,Kukatpally,8,4,0,25.7,0.644,72.7,42.8,4W,146.0,11.63,0
VG-SES-042143,3.0,150.0,5,CCS2,Kukatpally,11,2,0,30.1,0.562,27.8,7.7,3W,22.0,0.71,0
VG-SES-040010,3.0,30.0,2,Type2 AC,Secunderabad,14,3,0,28.0,0.546,74.3,3.1,2W,70.0,0.71,0
VG-SES-018652,7.0,30.0,4,Type2 AC,Gachibowli,8,1,0,32.0,0.695,47.8,39.3,4W,418.0,0.0,1
VG-SES-013890,3.0,30.0,1,Bharat AC-001,Uppal,21,3,0,25.6,0.819,44.6,6.4,3W,390.0,3.46,0
VG-SES-014918,6.0,30.0,4,Bharat DC-001,Uppal,8,0,0,18.9,0.631,17.4,4.5,2W,91.0,0.79,0
VG-SES-009620,2.0,60.0,2,CCS2,Gachibowli,9,3,0,30.0,0.643,19.4,50.2,4W,90.0,28.24,0
VG-SES-031748,3.0,30.0,1,Bharat AC-001,Uppal,6,0,0,16.3,0.52,10.6,2.9,2W,297.0,0.67,0
VG-SES-002424,3.0,150.0,5,CCS2,Kukatpally,13,3,0,25.0,0.524,28.8,36.4,4W,31.0,7.61,0
VG-SES-024389,3.0,30.0,2,Type2 AC,Secunderabad,15,5,1,29.9,0.56,17.3,2.7,2W,181.0,1.35,0
VG-SES-026126,4.0,150.0,3,CCS2,Uppal,6,0,0,29.5,0.618,24.5,49.0,4W,24.0,8.08,0
VG-SES-014209,4.0,60.0,3,Type2 AC,Madhapur,14,6,1,38.0,0.454,46.9,2.8,2W,130.0,0.66,0
VG-SES-008248,6.0,30.0,3,Type2 AC,Madhapur,0,5,1,25.6,0.521,32.6,11.8,3W,570.0,5.42,0
VG-SES-044887,3.0,30.0,1,Bharat AC-001,Uppal,22,1,0,32.6,0.748,28.9,2.8,2W,270.0,0.67,0
VG-SES-034482,2.0,180.0,8,CHAdeMO,Madhapur,19,4,0,23.8,0.817,51.5,48.6,4W,35.0,11.51,0
VG-SES-012982,2.0,15.0,1,Type2 AC,Kukatpally,21,2,0,34.6,0.697,39.6,3.4,2W,456.0,1.11,0
VG-SES-006658,5.0,180.0,5,CHAdeMO,Gachibowli,6,6,1,27.1,0.435,26.8,45.1,4W,32.0,9.51,0
VG-SES-008885,4.0,60.0,3,Type2 AC,Madhapur,17,6,1,41.5,0.633,42.4,4.4,2W,94.0,1.65,0
VG-SES-000621,2.0,15.0,1,Type2 AC,Kukatpally,20,6,1,27.0,0.754,54.7,318.1,Bus,252.0,59.75,0
VG-SES-011040,7.0,30.0,2,Bharat AC-001,Kukatpally,0,6,1,19.5,0.424,41.4,4.1,2W,485.0,0.94,0
VG-SES-031615,2.0,15.0,1,Type2 AC,Kukatpally,0,3,0,20.2,0.487,47.8,9.6,3W,534.0,4.68,0
VG-SES-026316,3.0,150.0,5,CCS2,Kukatpally,22,4,0,25.1,0.67,17.2,36.5,4W,80.0,18.86,0
VG-SES-006446,7.0,120.0,7,CCS2,Madhapur,19,3,0,27.3,0.871,65.0,11.5,3W,67.0,0.0,1
VG-SES-014139,7.0,30.0,2,Bharat AC-001,Kukatpally,0,4,0,30.5,0.511,62.0,8.8,3W,332.0,2.96,0
VG-SES-004209,7.0,30.0,2,Bharat AC-001,Kukatpally,20,6,1,23.8,0.707,57.5,217.0,Bus,840.0,0.0,1
VG-SES-008355,5.0,180.0,5,CHAdeMO,Gachibowli,11,1,0,26.2,0.653,49.6,2.4,2W,21.0,0.23,0
VG-SES-021296,7.0,120.0,7,CCS2,Madhapur,11,0,0,37.7,0.58,19.0,3.0,2W,29.0,0.39,0
VG-SES-036148,2.0,15.0,1,Type2 AC,Kukatpally,23,6,1,16.0,0.559,33.0,3.4,2W,244.0,1.07,0
VG-SES-020114,3.0,30.0,1,Bharat AC-001,Uppal,21,4,0,32.3,0.735,17.3,195.8,Bus,471.0,128.23,0
VG-SES-039507,3.0,150.0,5,CCS2,Kukatpally,7,6,1,16.8,0.556,33.2,3.6,2W,34.0,0.0,1
VG-SES-004987,2.0,60.0,2,CCS2,Gachibowli,13,2,0,23.1,0.491,61.8,10.2,3W,195.0,3.72,0
VG-SES-042442,2.0,180.0,8,CHAdeMO,Madhapur,18,1,0,35.7,0.743,54.3,2.4,2W,64.0,0.58,0
VG-SES-036295,5.0,30.0,1,Type2 AC,Secunderabad,0,6,1,22.6,0.337,21.2,4.4,2W,232.0,1.31,0
VG-SES-037988,4.0,60.0,3,Type2 AC,Madhapur,14,0,0,27.9,0.541,30.2,73.7,4W,156.0,51.77,0
VG-SES-035558,5.0,30.0,1,Type2 AC,Secunderabad,1,2,0,17.1,0.476,24.2,43.9,4W,332.0,5.34,0
VG-SES-029181,4.0,60.0,3,Type2 AC,Madhapur,8,0,0,21.7,0.651,47.2,2.6,2W,149.0,0.9,0
VG-SES-005169,3.0,150.0,5,CCS2,Kukatpally,22,1,0,31.2,0.694,64.1,10.9,3W,23.0,1.06,0
VG-SES-043744,7.0,30.0,2,Bharat AC-001,Kukatpally,19,1,0,33.9,0.838,67.8,3.6,2W,262.0,0.0,1
VG-SES-036477,6.0,30.0,3,Type2 AC,Madhapur,21,5,1,30.0,0.687,32.7,73.2,4W,346.0,28.19,0
VG-SES-044460,3.0,30.0,2,Type2 AC,Secunderabad,15,0,0,39.2,0.54,16.7,3.0,2W,136.0,0.81,0
VG-SES-039501,4.0,30.0,4,Bharat AC-001,Gachibowli,6,3,0,26.8,0.559,63.4,2.7,2W,274.0,1.01,0
VG-SES-035298,2.0,60.0,2,CCS2,Gachibowli,8,3,0,24.1,0.62,26.7,2.2,2W,275.0,1.68,0
VG-SES-022673,4.0,30.0,4,Bharat AC-001,Gachibowli,0,4,0,15.3,0.48,24.2,3.2,2W,900.0,1.29,0
VG-SES-024667,2.0,60.0,2,CCS2,Gachibowli,9,1,0,27.3,0.671,26.5,40.6,4W,207.0,22.14,0
VG-SES-043987,4.0,150.0,3,CCS2,Uppal,11,3,0,31.1,0.639,24.5,49.8,4W,25.0,8.7,0
VG-SES-025063,3.0,30.0,1,Bharat AC-001,Uppal,23,4,0,35.8,0.532,31.9,55.6,4W,292.0,11.93,0
VG-SES-038323,3.0,30.0,2,Type2 AC,Secunderabad,10,4,0,29.0,0.671,24.2,68.4,4W,103.0,15.31,0
VG-SES-002576,5.0,180.0,5,CHAdeMO,Gachibowli,8,6,1,31.9,0.54,61.2,30.7,4W,26.0,5.64,0
VG-SES-010924,2.0,180.0,8,CHAdeMO,Madhapur,18,1,0,34.7,0.769,44.6,25.8,4W,19.0,0.0,1
VG-SES-029204,6.0,30.0,4,Bharat DC-001,Uppal,8,0,0,23.8,0.633,7.7,198.6,Bus,297.0,63.71,0
VG-SES-022027,6.0,30.0,4,Bharat DC-001,Uppal,17,0,0,27.6,0.702,50.1,6.6,3W,114.0,3.17,0
VG-SES-033214,3.0,30.0,1,Bharat AC-001,Uppal,21,3,0,34.6,0.82,66.9,8.5,3W,900.0,2.61,0
VG-SES-012070,7.0,30.0,2,Bharat AC-001,Kukatpally,6,0,0,14.7,0.563,26.7,8.6,3W,403.0,1.47,0
VG-SES-033686,4.0,60.0,3,Type2 AC,Madhapur,15,6,1,27.9,0.487,61.5,2.1,2W,134.0,0.7,0
VG-SES-029557,6.0,30.0,3,Type2 AC,Madhapur,19,1,0,36.9,0.782,46.2,3.9,2W,201.0,0.49,0
VG-SES-012761,4.0,30.0,4,Bharat AC-001,Gachibowli,21,2,0,28.7,0.761,44.2,4.4,2W,288.0,2.33,0
VG-SES-006091,4.0,150.0,3,CCS2,Uppal,21,3,0,31.8,0.826,38.1,341.6,Bus,36.0,0.0,1
VG-SES-025540,6.0,150.0,4,GB/T,Secunderabad,19,0,0,37.0,0.832,36.1,2.7,2W,36.0,0.39,0
VG-SES-027018,6.0,30.0,3,Type2 AC,Madhapur,2,0,0,23.5,0.567,58.4,2.3,2W,396.0,0.64,0
VG-SES-014522,2.0,180.0,8,CHAdeMO,Madhapur,20,2,0,42.9,0.821,16.7,64.8,4W,24.0,0.0,1
VG-SES-030547,4.0,30.0,4,Bharat AC-001,Gachibowli,21,3,0,38.4,0.816,31.7,48.6,4W,307.0,23.35,0
VG-SES-035145,4.0,30.0,4,Bharat AC-001,Gachibowli,19,0,0,26.8,0.756,29.9,50.8,4W,343.0,32.68,0
VG-SES-028079,5.0,180.0,5,CHAdeMO,Gachibowli,20,6,1,28.1,0.719,73.9,2.6,2W,42.0,0.45,0
VG-SES-008606,7.0,30.0,2,Bharat AC-001,Kukatpally,20,5,1,20.0,0.759,45.7,69.4,4W,317.0,35.02,0
VG-SES-020076,4.0,30.0,4,Bharat AC-001,Gachibowli,1,5,1,19.9,0.48,34.4,70.6,4W,646.0,44.65,0
VG-SES-037133,7.0,30.0,2,Bharat AC-001,Kukatpally,19,0,0,40.5,0.806,6.8,8.5,4W,350.0,3.73,0
VG-SES-008514,6.0,150.0,4,GB/T,Secunderabad,20,6,1,27.5,0.711,19.0,6.5,3W,43.0,0.0,1
VG-SES-016376,5.0,30.0,1,Type2 AC,Secunderabad,21,2,0,19.4,0.701,43.8,2.4,2W,254.0,0.08,0
VG-SES-016356,2.0,60.0,2,CCS2,Gachibowli,10,3,0,31.0,0.605,25.0,51.0,4W,233.0,36.54,0
VG-SES-027316,5.0,60.0,3,CCS2,Kukatpally,16,1,0,37.5,0.593,39.5,30.5,4W,110.0,18.68,0
VG-SES-003878,7.0,120.0,7,CCS2,Madhapur,20,1,0,24.5,0.808,57.1,9.1,3W,45.0,0.34,0
VG-SES-015191,6.0,30.0,3,Type2 AC,Madhapur,19,5,1,27.1,0.799,42.9,2.9,2W,373.0,0.54,0
VG-SES-017292,5.0,60.0,3,CCS2,Kukatpally,13,1,0,35.2,0.512,32.6,4.3,2W,276.0,1.21,0
VG-SES-016929,5.0,30.0,1,Type2 AC,Secunderabad,1,4,0,22.1,0.454,21.3,266.1,Bus,579.0,166.06,0
VG-SES-032211,6.0,30.0,3,Type2 AC,Madhapur,20,5,1,34.0,0.722,35.6,9.6,3W,286.0,4.94,0
VG-SES-044189,6.0,150.0,4,GB/T,Secunderabad,19,3,0,25.1,0.86,25.2,47.3,4W,32.0,9.36,0
VG-SES-025910,4.0,60.0,3,Type2 AC,Madhapur,11,2,0,27.8,0.642,56.9,28.6,4W,160.0,11.47,0
VG-SES-033082,4.0,60.0,3,Type2 AC,Madhapur,15,3,0,40.4,0.583,12.1,52.4,4W,93.0,10.68,0
VG-SES-039903,2.0,60.0,2,CCS2,Gachibowli,11,0,0,38.8,0.614,83.7,3.2,2W,64.0,0.08,0
VG-SES-016074,3.0,30.0,1,Bharat AC-001,Uppal,20,3,0,36.8,0.758,14.6,3.8,2W,226.0,1.07,0
VG-SES-010475,3.0,30.0,1,Bharat AC-001,Uppal,19,4,0,32.2,0.819,49.3,2.7,2W,325.0,1.41,0
VG-SES-040485,3.0,150.0,5,CCS2,Kukatpally,8,5,1,21.4,0.628,13.9,2.7,2W,23.0,0.26,0
VG-SES-020371,4.0,150.0,3,CCS2,Uppal,21,1,0,31.0,0.793,12.1,25.1,4W,30.0,0.0,1
VG-SES-008657,3.0,30.0,1,Bharat AC-001,Uppal,21,1,0,22.7,0.85,52.1,59.1,4W,642.0,0.0,1
VG-SES-014034,7.0,120.0,7,CCS2,Madhapur,18,0,0,34.6,0.781,23.5,56.3,4W,22.0,4.88,0
VG-SES-040441,6.0,30.0,3,Type2 AC,Madhapur,22,3,0,20.8,0.669,49.9,11.3,3W,552.0,3.83,0
VG-SES-016032,2.0,180.0,8,CHAdeMO,Madhapur,18,4,0,22.1,0.786,32.6,3.1,2W,44.0,0.6,0
VG-SES-023449,2.0,60.0,2,CCS2,Gachibowli,11,1,0,36.2,0.674,45.8,3.1,2W,178.0,1.58,0
VG-SES-010918,3.0,30.0,2,Type2 AC,Secunderabad,14,3,0,30.3,0.597,19.7,64.5,4W,152.0,18.23,0
VG-SES-002506,4.0,60.0,3,Type2 AC,Madhapur,10,3,0,36.4,0.643,52.1,2.4,2W,164.0,0.97,0
VG-SES-035039,7.0,30.0,4,Type2 AC,Gachibowli,17,3,0,29.1,0.709,20.9,3.9,2W,137.0,2.27,0
VG-SES-011704,2.0,60.0,2,CCS2,Gachibowli,15,4,0,33.5,0.57,39.8,2.5,2W,140.0,0.78,0
VG-SES-001197,2.0,180.0,8,CHAdeMO,Madhapur,7,0,0,32.6,0.611,28.0,57.5,4W,41.0,14.29,0
VG-SES-013205,6.0,30.0,4,Bharat DC-001,Uppal,16,1,0,36.4,0.663,36.9,68.2,4W,88.0,10.85,0
VG-SES-025245,3.0,150.0,5,CCS2,Kukatpally,20,6,1,24.4,0.831,48.0,3.3,2W,19.0,0.1,0
VG-SES-018188,4.0,150.0,3,CCS2,Uppal,7,6,1,35.7,0.507,45.3,60.3,4W,43.0,18.55,0
VG-SES-022930,7.0,30.0,4,Type2 AC,Gachibowli,15,0,0,40.3,0.589,20.5,2.6,2W,176.0,0.58,0
VG-SES-036069,5.0,60.0,3,CCS2,Kukatpally,13,1,0,22.0,0.514,39.6,7.9,3W,223.0,0.69,0
VG-SES-015996,6.0,150.0,4,GB/T,Secunderabad,13,4,0,38.7,0.527,25.9,2.7,2W,28.0,0.29,0
VG-SES-017325,4.0,60.0,3,Type2 AC,Madhapur,10,6,1,22.9,0.597,40.4,229.0,Bus,154.0,54.58,0
VG-SES-007389,2.0,180.0,8,CHAdeMO,Madhapur,19,4,0,30.7,0.787,25.0,62.3,4W,28.0,0.0,1
VG-SES-040954,5.0,180.0,5,CHAdeMO,Gachibowli,12,6,1,43.0,0.557,40.0,73.6,4W,9.0,4.26,0
VG-SES-031453,3.0,30.0,1,Bharat AC-001,Uppal,0,5,1,28.6,0.453,44.8,2.6,2W,355.0,0.86,0
VG-SES-024828,2.0,15.0,1,Type2 AC,Kukatpally,1,4,0,15.7,0.521,49.9,2.2,2W,869.0,0.59,0
VG-SES-018288,4.0,60.0,3,Type2 AC,Madhapur,17,4,0,27.4,0.638,49.6,289.0,Bus,132.0,86.29,0
VG-SES-015651,3.0,30.0,2,Type2 AC,Secunderabad,11,0,0,33.5,0.613,43.5,11.5,3W,98.0,4.17,0
VG-SES-028424,3.0,150.0,5,CCS2,Kukatpally,8,2,0,29.8,0.586,41.3,8.7,3W,24.0,0.0,1
VG-SES-020241,4.0,150.0,3,CCS2,Uppal,20,5,1,22.8,0.691,45.1,52.4,4W,26.0,9.32,0
VG-SES-036449,2.0,15.0,1,Type2 AC,Kukatpally,19,5,1,36.6,0.708,25.0,67.3,4W,235.0,36.05,0
VG-SES-031828,3.0,150.0,5,CCS2,Kukatpally,8,3,0,30.6,0.675,31.8,49.8,4W,18.0,0.0,1
VG-SES-006648,3.0,150.0,5,CCS2,Kukatpally,18,6,1,35.8,0.682,47.0,2.6,2W,69.0,0.76,0
VG-SES-002107,5.0,60.0,3,CCS2,Kukatpally,8,5,1,26.5,0.612,39.6,236.3,Bus,164.0,132.55,0
VG-SES-018649,7.0,120.0,7,CCS2,Madhapur,8,0,0,34.2,0.642,32.9,2.2,2W,32.0,0.31,0
VG-SES-034799,3.0,30.0,2,Type2 AC,Secunderabad,8,6,1,19.5,0.615,70.9,9.2,3W,186.0,1.68,0
VG-SES-020861,6.0,30.0,4,Bharat DC-001,Uppal,9,1,0,35.4,0.649,26.6,2.7,2W,248.0,0.88,0
VG-SES-001900,6.0,30.0,4,Bharat DC-001,Uppal,9,6,1,32.3,0.593,55.6,2.6,2W,119.0,0.98,0
VG-SES-028017,5.0,60.0,3,CCS2,Kukatpally,15,6,1,29.4,0.51,48.8,26.3,4W,106.0,12.34,0
VG-SES-002699,6.0,30.0,4,Bharat DC-001,Uppal,8,4,0,21.6,0.611,33.7,10.6,3W,89.0,4.32,0
VG-SES-001593,3.0,150.0,5,CCS2,Kukatpally,7,2,0,23.8,0.647,15.1,2.6,2W,46.0,7.03,0
VG-SES-029114,7.0,30.0,2,Bharat AC-001,Kukatpally,23,2,0,27.9,0.624,36.7,7.1,3W,206.0,0.7,0
VG-SES-017065,5.0,30.0,1,Type2 AC,Secunderabad,6,2,0,23.6,0.542,42.1,280.1,Bus,191.0,0.0,1
VG-SES-029326,5.0,60.0,3,CCS2,Kukatpally,16,1,0,42.2,0.644,49.7,30.8,4W,135.0,8.47,0
VG-SES-010530,4.0,30.0,4,Bharat AC-001,Gachibowli,0,3,0,32.8,0.493,21.1,3.3,2W,260.0,0.95,0
VG-SES-022693,7.0,30.0,2,Bharat AC-001,Kukatpally,19,2,0,22.4,0.816,29.3,3.0,2W,549.0,1.12,0
VG-SES-031451,4.0,150.0,3,CCS2,Uppal,6,4,0,22.1,0.58,37.2,7.9,3W,30.0,1.02,0
VG-SES-033361,5.0,60.0,3,CCS2,Kukatpally,8,1,0,34.6,0.589,17.4,3.3,2W,149.0,1.4,0
VG-SES-041931,4.0,60.0,3,Type2 AC,Madhapur,8,5,1,26.5,0.555,46.9,2.0,2W,170.0,1.1,0
VG-SES-021124,5.0,60.0,3,CCS2,Kukatpally,8,6,1,19.6,0.557,39.1,2.2,2W,237.0,1.3,0
VG-SES-028616,4.0,30.0,4,Bharat AC-001,Gachibowli,0,6,1,26.1,0.453,21.0,337.1,Bus,195.0,92.97,0
VG-SES-029093,7.0,120.0,7,CCS2,Madhapur,22,4,0,34.7,0.783,43.4,4.5,2W,16.0,0.3,0
VG-SES-032553,3.0,150.0,5,CCS2,Kukatpally,12,5,1,22.5,0.538,20.6,8.5,4W,26.0,0.35,0
VG-SES-001750,3.0,30.0,2,Type2 AC,Secunderabad,13,1,0,26.2,0.5,18.0,39.0,4W,131.0,23.77,0
VG-SES-008500,5.0,30.0,1,Type2 AC,Secunderabad,6,4,0,31.6,0.522,38.8,3.8,2W,272.0,2.2,0
VG-SES-025457,6.0,30.0,4,Bharat DC-001,Uppal,15,0,0,30.9,0.619,42.4,2.6,2W,90.0,0.99,0
VG-SES-044081,4.0,60.0,3,Type2 AC,Madhapur,11,6,1,32.5,0.578,15.1,34.3,4W,74.0,15.37,0
VG-SES-003620,7.0,30.0,4,Type2 AC,Gachibowli,15,2,0,27.5,0.53,59.5,33.7,4W,107.0,13.07,0
VG-SES-002108,2.0,60.0,2,CCS2,Gachibowli,9,0,0,28.1,0.62,40.6,3.8,2W,160.0,2.16,0
VG-SES-041944,7.0,30.0,4,Type2 AC,Gachibowli,16,6,1,42.6,0.637,61.0,3.7,2W,111.0,1.29,0
VG-SES-002835,3.0,30.0,2,Type2 AC,Secunderabad,10,3,0,32.3,0.627,68.5,57.7,4W,110.0,16.25,0
VG-SES-034967,4.0,30.0,4,Bharat AC-001,Gachibowli,21,6,1,25.7,0.711,53.3,28.5,4W,253.0,8.39,0
VG-SES-030962,4.0,30.0,4,Bharat AC-001,Gachibowli,0,5,1,20.0,0.452,18.3,299.8,Bus,196.0,79.53,0
VG-SES-005325,7.0,30.0,4,Type2 AC,Gachibowli,16,2,0,31.9,0.629,59.3,10.3,3W,92.0,3.55,0
VG-SES-002884,2.0,15.0,1,Type2 AC,Kukatpally,19,1,0,36.9,0.857,48.0,4.0,2W,427.0,1.29,0
VG-SES-001265,2.0,15.0,1,Type2 AC,Kukatpally,20,4,0,34.4,0.809,70.4,4.4,2W,485.0,0.0,1
VG-SES-008980,4.0,30.0,4,Bharat AC-001,Gachibowli,19,3,0,17.7,0.828,51.1,2.4,2W,435.0,0.43,0
VG-SES-025615,7.0,30.0,4,Type2 AC,Gachibowli,8,4,0,35.3,0.686,47.8,3.2,2W,127.0,0.57,0
VG-SES-026856,3.0,30.0,2,Type2 AC,Secunderabad,8,3,0,35.2,0.596,19.5,3.8,2W,219.0,2.34,0
VG-SES-025185,3.0,30.0,1,Bharat AC-001,Uppal,22,1,0,26.9,0.66,24.0,3.3,2W,291.0,1.3,0
VG-SES-033777,2.0,15.0,1,Type2 AC,Kukatpally,19,2,0,35.8,0.889,43.5,259.9,Bus,269.0,64.32,0
VG-SES-014173,3.0,150.0,5,CCS2,Kukatpally,8,2,0,18.6,0.602,54.2,2.5,2W,17.0,0.18,0
VG-SES-042502,2.0,180.0,8,CHAdeMO,Madhapur,20,4,0,30.7,0.815,47.6,3.5,2W,33.0,0.18,0
VG-SES-002640,2.0,15.0,1,Type2 AC,Kukatpally,22,1,0,33.1,0.739,50.9,4.2,2W,642.0,0.55,0
VG-SES-032113,5.0,30.0,1,Type2 AC,Secunderabad,19,1,0,35.8,0.797,50.1,38.8,4W,275.0,3.99,0
VG-SES-042122,4.0,60.0,3,Type2 AC,Madhapur,17,1,0,41.5,0.661,52.5,2.5,2W,160.0,0.0,1
VG-SES-013973,2.0,15.0,1,Type2 AC,Kukatpally,2,1,0,22.6,0.493,46.9,27.9,4W,254.0,7.14,0
VG-SES-022782,4.0,150.0,3,CCS2,Uppal,7,3,0,31.0,0.567,56.8,57.5,4W,25.0,10.21,0
VG-SES-008497,2.0,60.0,2,CCS2,Gachibowli,16,1,0,30.9,0.628,17.1,4.0,2W,185.0,2.71,0
VG-SES-007337,5.0,30.0,1,Type2 AC,Secunderabad,2,5,1,18.8,0.454,22.2,9.6,3W,133.0,0.46,0
VG-SES-027940,2.0,15.0,1,Type2 AC,Kukatpally,21,5,1,26.6,0.799,23.9,2.3,2W,216.0,1.5,0
VG-SES-016633,2.0,180.0,8,CHAdeMO,Madhapur,6,6,1,22.0,0.484,29.1,3.2,2W,19.0,0.26,0
VG-SES-033030,7.0,120.0,7,CCS2,Madhapur,13,2,0,28.7,0.517,34.2,55.8,4W,19.0,8.24,0
VG-SES-005449,6.0,30.0,3,Type2 AC,Madhapur,6,3,0,22.4,0.594,45.7,307.7,Bus,253.0,114.1,0
VG-SES-019099,5.0,180.0,5,CHAdeMO,Gachibowli,20,3,0,30.6,0.809,20.5,3.8,2W,19.0,0.3,0
VG-SES-005642,7.0,30.0,4,Type2 AC,Gachibowli,9,2,0,22.9,0.699,55.7,3.0,2W,69.0,0.86,0
VG-SES-006255,3.0,150.0,5,CCS2,Kukatpally,7,2,0,30.9,0.589,36.6,33.5,4W,41.0,9.78,0
VG-SES-029864,6.0,30.0,4,Bharat DC-001,Uppal,17,5,1,27.6,0.694,51.1,3.8,2W,244.0,0.0,1
VG-SES-041795,7.0,30.0,4,Type2 AC,Gachibowli,8,6,1,27.1,0.578,50.7,2.9,2W,376.0,1.43,0
VG-SES-042711,5.0,60.0,3,CCS2,Kukatpally,11,0,0,38.8,0.626,35.2,9.6,3W,127.0,5.36,0
VG-SES-040775,4.0,60.0,3,Type2 AC,Madhapur,16,2,0,27.9,0.61,64.4,3.3,2W,109.0,0.67,0
VG-SES-022916,2.0,15.0,1,Type2 AC,Kukatpally,20,5,1,33.0,0.78,59.7,50.3,4W,664.0,20.2,0
VG-SES-017424,4.0,60.0,3,Type2 AC,Madhapur,10,3,0,21.2,0.585,39.0,64.9,4W,187.0,33.15,0
VG-SES-018274,5.0,60.0,3,CCS2,Kukatpally,9,4,0,24.2,0.666,77.0,3.2,2W,97.0,0.77,0
VG-SES-026872,7.0,30.0,2,Bharat AC-001,Kukatpally,1,6,1,27.6,0.475,16.8,10.8,3W,575.0,2.48,0
VG-SES-013551,2.0,180.0,8,CHAdeMO,Madhapur,18,0,0,27.0,0.799,48.5,11.3,3W,27.0,1.15,0
VG-SES-018576,5.0,180.0,5,CHAdeMO,Gachibowli,8,1,0,27.2,0.606,40.6,11.3,3W,17.0,0.44,0
VG-SES-037824,2.0,60.0,2,CCS2,Gachibowli,8,1,0,29.8,0.643,54.9,50.2,4W,164.0,24.77,0
VG-SES-043311,6.0,30.0,3,Type2 AC,Madhapur,19,2,0,33.7,0.749,61.8,2.8,2W,288.0,0.95,0
VG-SES-037753,2.0,180.0,8,CHAdeMO,Madhapur,19,5,1,30.1,0.736,52.7,69.4,4W,39.0,7.12,0
VG-SES-012836,7.0,30.0,2,Bharat AC-001,Kukatpally,0,6,1,20.9,0.433,35.1,41.1,4W,333.0,14.8,0
VG-SES-001447,6.0,30.0,3,Type2 AC,Madhapur,20,4,0,23.4,0.784,32.8,49.8,4W,244.0,21.25,0
VG-SES-013300,6.0,30.0,4,Bharat DC-001,Uppal,11,4,0,42.0,0.609,69.0,195.8,Bus,114.0,0.0,1
VG-SES-042509,2.0,15.0,1,Type2 AC,Kukatpally,6,4,0,33.7,0.498,40.0,4.0,2W,409.0,2.27,0
VG-SES-026069,2.0,15.0,1,Type2 AC,Kukatpally,22,1,0,26.5,0.723,32.5,46.5,4W,315.0,18.85,0
VG-SES-004652,3.0,150.0,5,CCS2,Kukatpally,19,5,1,33.6,0.699,54.3,65.5,4W,16.0,7.49,0
VG-SES-039221,6.0,30.0,4,Bharat DC-001,Uppal,17,3,0,38.7,0.738,70.3,28.4,4W,58.0,1.46,0
VG-SES-020120,7.0,30.0,4,Type2 AC,Gachibowli,13,0,0,35.6,0.553,40.0,3.9,2W,134.0,1.44,0
VG-SES-031327,5.0,60.0,3,CCS2,Kukatpally,11,1,0,25.8,0.592,71.7,2.3,2W,206.0,0.61,0
VG-SES-013182,5.0,30.0,1,Type2 AC,Secunderabad,23,6,1,21.0,0.534,34.1,9.2,3W,340.0,1.75,0
VG-SES-007894,2.0,180.0,8,CHAdeMO,Madhapur,11,1,0,38.0,0.592,33.4,8.8,3W,21.0,0.33,0
VG-SES-016029,3.0,150.0,5,CCS2,Kukatpally,7,4,0,24.5,0.509,46.0,37.5,4W,27.0,7.2,0
VG-SES-007493,6.0,150.0,4,GB/T,Secunderabad,18,0,0,34.8,0.709,29.5,6.4,3W,39.0,0.98,0
VG-SES-039476,4.0,30.0,4,Bharat AC-001,Gachibowli,21,3,0,35.7,0.793,35.5,2.5,2W,523.0,1.03,0
VG-SES-026749,7.0,30.0,4,Type2 AC,Gachibowli,17,0,0,22.0,0.691,23.6,9.4,3W,154.0,5.65,0
VG-SES-012887,2.0,180.0,8,CHAdeMO,Madhapur,19,5,1,39.8,0.808,48.3,61.2,4W,50.0,20.03,0
VG-SES-032145,7.0,30.0,4,Type2 AC,Gachibowli,13,2,0,36.8,0.469,53.0,44.7,4W,142.0,21.13,0
VG-SES-027960,7.0,120.0,7,CCS2,Madhapur,20,1,0,26.4,0.82,34.4,33.7,4W,46.0,11.33,0
VG-SES-011637,3.0,150.0,5,CCS2,Kukatpally,7,4,0,32.5,0.579,23.5,52.8,4W,32.0,12.28,0
VG-SES-040995,2.0,180.0,8,CHAdeMO,Madhapur,13,0,0,36.5,0.534,47.2,74.5,4W,58.0,27.53,0
VG-SES-022515,2.0,180.0,8,CHAdeMO,Madhapur,18,0,0,37.6,0.739,74.0,2.5,2W,30.0,0.31,0
VG-SES-002753,3.0,30.0,1,Bharat AC-001,Uppal,21,0,0,25.5,0.812,65.0,3.2,2W,352.0,0.92,0
VG-SES-015285,5.0,60.0,3,CCS2,Kukatpally,9,0,0,30.0,0.618,65.5,2.7,2W,90.0,0.82,0
VG-SES-022068,2.0,15.0,1,Type2 AC,Kukatpally,20,4,0,25.2,0.699,28.2,9.9,3W,786.0,4.59,0
VG-SES-015560,2.0,15.0,1,Type2 AC,Kukatpally,21,6,1,36.9,0.747,17.0,71.4,4W,722.0,8.72,0
VG-SES-032032,7.0,30.0,4,Type2 AC,Gachibowli,16,5,1,39.6,0.621,28.6,31.5,4W,329.0,6.55,0
VG-SES-025708,6.0,150.0,4,GB/T,Secunderabad,19,0,0,37.3,0.819,55.2,53.7,4W,38.0,15.02,0
VG-SES-002712,6.0,30.0,4,Bharat DC-001,Uppal,10,4,0,32.6,0.659,33.2,55.4,4W,197.0,29.66,0
VG-SES-008278,3.0,30.0,2,Type2 AC,Secunderabad,8,2,0,26.5,0.581,59.3,6.4,3W,148.0,2.57,0
VG-SES-038546,7.0,120.0,7,CCS2,Madhapur,18,0,0,26.6,0.731,33.6,11.2,3W,22.0,1.07,0
VG-SES-011016,5.0,180.0,5,CHAdeMO,Gachibowli,22,6,1,28.6,0.634,53.6,40.7,4W,31.0,9.59,0
VG-SES-001366,7.0,30.0,4,Type2 AC,Gachibowli,11,6,1,21.7,0.558,80.8,49.0,4W,156.0,8.19,0
VG-SES-022494,4.0,60.0,3,Type2 AC,Madhapur,15,1,0,31.0,0.494,56.5,60.8,4W,181.0,23.52,0
VG-SES-021747,3.0,30.0,2,Type2 AC,Secunderabad,15,5,1,28.9,0.495,29.6,2.1,2W,130.0,0.97,0
VG-SES-020204,5.0,180.0,5,CHAdeMO,Gachibowli,7,4,0,16.2,0.53,12.5,2.4,2W,10.0,0.15,0
VG-SES-042526,6.0,30.0,4,Bharat DC-001,Uppal,11,6,1,29.3,0.55,26.7,8.5,4W,228.0,1.98,0
VG-SES-007527,2.0,60.0,2,CCS2,Gachibowli,14,1,0,28.4,0.583,33.5,184.0,Bus,204.0,58.48,0
VG-SES-011439,4.0,30.0,4,Bharat AC-001,Gachibowli,22,5,1,20.1,0.618,53.1,2.6,2W,184.0,1.11,0
VG-SES-014556,2.0,180.0,8,CHAdeMO,Madhapur,6,3,0,31.3,0.474,46.7,4.0,2W,32.0,0.58,0
VG-SES-020156,6.0,150.0,4,GB/T,Secunderabad,19,2,0,27.8,0.832,16.6,10.0,3W,39.0,1.66,0
VG-SES-036204,2.0,60.0,2,CCS2,Gachibowli,10,3,0,21.1,0.653,31.7,61.1,4W,136.0,14.52,0
VG-SES-002528,6.0,30.0,4,Bharat DC-001,Uppal,16,6,1,35.5,0.533,61.3,8.0,3W,109.0,2.89,0
VG-SES-002428,7.0,30.0,2,Bharat AC-001,Kukatpally,5,6,1,16.5,0.437,33.8,237.3,Bus,243.0,95.63,0
VG-SES-042673,7.0,30.0,4,Type2 AC,Gachibowli,9,1,0,33.7,0.646,25.9,2.1,2W,222.0,1.5,0
VG-SES-017258,2.0,60.0,2,CCS2,Gachibowli,15,0,0,34.4,0.576,47.9,3.1,2W,100.0,0.75,0
VG-SES-012261,6.0,30.0,3,Type2 AC,Madhapur,22,6,1,20.1,0.673,31.8,9.6,3W,251.0,3.69,0
VG-SES-043499,3.0,30.0,2,Type2 AC,Secunderabad,17,2,0,31.6,0.646,29.2,3.2,2W,93.0,1.22,0
VG-SES-037676,6.0,30.0,3,Type2 AC,Madhapur,23,4,0,29.6,0.657,82.5,41.9,4W,227.0,2.44,0
VG-SES-019902,3.0,150.0,5,CCS2,Kukatpally,6,0,0,14.4,0.621,49.0,2.5,2W,24.0,0.0,1
VG-SES-009977,7.0,30.0,2,Bharat AC-001,Kukatpally,6,0,0,14.3,0.573,42.5,25.1,4W,146.0,4.95,0
VG-SES-015405,5.0,60.0,3,CCS2,Kukatpally,14,3,0,34.4,0.58,28.8,47.0,4W,185.0,0.0,1
VG-SES-025294,3.0,30.0,2,Type2 AC,Secunderabad,14,0,0,23.7,0.573,53.0,2.0,2W,98.0,0.83,0
VG-SES-018813,7.0,30.0,4,Type2 AC,Gachibowli,8,3,0,29.1,0.587,42.1,2.9,2W,72.0,0.93,0
VG-SES-028818,6.0,30.0,4,Bharat DC-001,Uppal,9,3,0,29.3,0.584,39.7,73.2,4W,71.0,0.0,1
VG-SES-014802,3.0,30.0,1,Bharat AC-001,Uppal,6,3,0,35.7,0.609,15.7,3.5,2W,510.0,2.16,0
VG-SES-027567,7.0,30.0,4,Type2 AC,Gachibowli,9,4,0,33.2,0.701,28.0,3.4,2W,122.0,1.58,0
VG-SES-041922,5.0,60.0,3,CCS2,Kukatpally,8,6,1,28.6,0.585,38.4,61.6,4W,97.0,29.96,0
VG-SES-015088,4.0,30.0,4,Bharat AC-001,Gachibowli,20,0,0,25.1,0.831,59.2,3.7,2W,394.0,0.7,0
VG-SES-023434,5.0,60.0,3,CCS2,Kukatpally,13,6,1,27.2,0.472,77.5,3.3,2W,70.0,0.25,0
VG-SES-009718,2.0,60.0,2,CCS2,Gachibowli,11,6,1,39.5,0.495,46.9,267.0,Bus,94.0,94.07,0
VG-SES-012901,7.0,120.0,7,CCS2,Madhapur,19,3,0,23.9,0.855,19.6,2.5,2W,41.0,0.44,0
VG-SES-002473,4.0,30.0,4,Bharat AC-001,Gachibowli,23,5,1,35.4,0.621,43.1,2.6,2W,317.0,1.37,0
VG-SES-020496,7.0,120.0,7,CCS2,Madhapur,6,0,0,16.0,0.544,68.1,6.7,3W,26.0,0.68,0
VG-SES-041394,6.0,30.0,4,Bharat DC-001,Uppal,10,3,0,32.0,0.621,59.9,2.3,2W,52.0,0.17,0
VG-SES-016645,2.0,15.0,1,Type2 AC,Kukatpally,20,1,0,20.0,0.769,33.3,3.7,2W,328.0,0.88,0
VG-SES-020485,7.0,30.0,4,Type2 AC,Gachibowli,17,5,1,42.4,0.687,26.3,2.6,2W,133.0,0.0,1
VG-SES-014113,2.0,180.0,8,CHAdeMO,Madhapur,8,2,0,25.5,0.552,79.2,7.3,3W,28.0,0.84,0
VG-SES-015037,7.0,30.0,2,Bharat AC-001,Kukatpally,6,1,0,23.4,0.563,45.0,25.7,4W,193.0,1.75,0
VG-SES-001998,4.0,30.0,4,Bharat AC-001,Gachibowli,20,2,0,21.6,0.858,23.7,66.6,4W,548.0,0.0,1
VG-SES-043950,2.0,60.0,2,CCS2,Gachibowli,9,0,0,24.0,0.631,12.5,41.1,4W,291.0,15.0,0
VG-SES-024397,6.0,30.0,3,Type2 AC,Madhapur,0,2,0,14.7,0.581,17.9,33.7,4W,710.0,11.71,0
VG-SES-022701,5.0,60.0,3,CCS2,Kukatpally,9,0,0,34.8,0.669,50.8,8.5,4W,132.0,3.58,0
VG-SES-033440,4.0,150.0,3,CCS2,Uppal,11,1,0,26.2,0.636,47.4,47.5,4W,36.0,12.07,0
VG-SES-001660,6.0,150.0,4,GB/T,Secunderabad,11,6,1,23.7,0.543,65.7,2.0,2W,17.0,0.15,0
VG-SES-014019,7.0,120.0,7,CCS2,Madhapur,8,2,0,26.5,0.659,49.3,2.6,2W,37.0,0.47,0
VG-SES-035042,2.0,180.0,8,CHAdeMO,Madhapur,7,5,1,32.1,0.553,55.8,2.8,2W,45.0,0.51,0
VG-SES-035036,7.0,30.0,2,Bharat AC-001,Kukatpally,19,0,0,38.4,0.87,29.9,2.7,2W,264.0,1.31,0
VG-SES-010817,3.0,30.0,2,Type2 AC,Secunderabad,11,1,0,27.8,0.606,65.2,61.0,4W,182.0,0.0,1
VG-SES-002351,4.0,60.0,3,Type2 AC,Madhapur,16,3,0,22.5,0.623,57.9,34.0,4W,117.0,12.93,0
VG-SES-030555,2.0,15.0,1,Type2 AC,Kukatpally,21,2,0,31.8,0.761,26.7,66.4,4W,323.0,45.78,0
VG-SES-030969,6.0,150.0,4,GB/T,Secunderabad,8,1,0,29.0,0.704,18.0,7.6,3W,50.0,1.64,0
VG-SES-036915,2.0,15.0,1,Type2 AC,Kukatpally,23,6,1,22.6,0.599,68.6,32.1,4W,458.0,9.75,0
VG-SES-037429,3.0,150.0,5,CCS2,Kukatpally,8,2,0,31.4,0.624,19.0,9.6,3W,34.0,1.36,0
VG-SES-022866,6.0,150.0,4,GB/T,Secunderabad,7,5,1,23.2,0.612,43.6,2.9,2W,36.0,0.11,0
VG-SES-001154,7.0,120.0,7,CCS2,Madhapur,19,2,0,32.0,0.817,63.5,3.7,2W,22.0,0.35,0
VG-SES-002910,3.0,30.0,2,Type2 AC,Secunderabad,17,1,0,26.6,0.728,34.5,2.8,2W,144.0,0.0,1
VG-SES-011937,4.0,150.0,3,CCS2,Uppal,21,5,1,25.8,0.702,71.2,33.1,4W,55.0,8.66,0
VG-SES-041736,3.0,30.0,1,Bharat AC-001,Uppal,21,5,1,34.3,0.76,66.3,9.3,3W,577.0,2.92,0
VG-SES-011412,7.0,30.0,2,Bharat AC-001,Kukatpally,0,2,0,26.7,0.515,45.3,3.7,2W,504.0,1.09,0
VG-SES-041375,7.0,120.0,7,CCS2,Madhapur,19,4,0,25.7,0.932,34.6,65.0,4W,32.0,13.91,0
VG-SES-009625,6.0,30.0,3,Type2 AC,Madhapur,22,2,0,21.5,0.707,55.1,2.9,2W,223.0,1.12,0
VG-SES-025322,6.0,30.0,3,Type2 AC,Madhapur,20,6,1,22.7,0.705,14.0,4.4,2W,359.0,0.0,1
VG-SES-012879,2.0,60.0,2,CCS2,Gachibowli,17,4,0,32.3,0.715,63.4,3.2,2W,225.0,1.02,0
VG-SES-000409,4.0,150.0,3,CCS2,Uppal,20,2,0,20.6,0.843,57.6,3.8,2W,41.0,0.34,0
VG-SES-005678,4.0,60.0,3,Type2 AC,Madhapur,9,2,0,34.2,0.626,73.1,40.5,4W,253.0,4.36,0
VG-SES-000892,3.0,30.0,2,Type2 AC,Secunderabad,10,2,0,37.1,0.624,18.9,42.7,4W,207.0,12.82,0
VG-SES-021837,2.0,15.0,1,Type2 AC,Kukatpally,1,5,1,27.3,0.393,33.1,7.5,3W,443.0,1.29,0
VG-SES-019632,7.0,120.0,7,CCS2,Madhapur,19,4,0,37.4,0.799,52.0,4.3,2W,42.0,0.81,0
VG-SES-025492,5.0,180.0,5,CHAdeMO,Gachibowli,21,5,1,36.7,0.739,56.3,68.4,4W,46.0,20.98,0
VG-SES-036773,2.0,60.0,2,CCS2,Gachibowli,9,4,0,37.7,0.613,61.1,335.6,Bus,98.0,70.98,0
VG-SES-032740,7.0,30.0,4,Type2 AC,Gachibowli,8,4,0,30.5,0.598,25.4,9.7,3W,132.0,2.01,0
VG-SES-018529,7.0,30.0,4,Type2 AC,Gachibowli,16,6,1,24.8,0.502,24.1,3.2,2W,132.0,1.86,0
VG-SES-044973,3.0,30.0,2,Type2 AC,Secunderabad,15,1,0,25.0,0.652,17.8,2.7,2W,178.0,0.85,0
VG-SES-035836,4.0,60.0,3,Type2 AC,Madhapur,8,4,0,31.9,0.63,10.9,60.0,4W,123.0,4.39,0
VG-SES-029316,2.0,15.0,1,Type2 AC,Kukatpally,6,3,0,28.5,0.521,54.7,2.8,2W,209.0,1.25,0
VG-SES-036346,4.0,150.0,3,CCS2,Uppal,22,2,0,37.0,0.792,25.2,32.3,4W,29.0,6.5,0
VG-SES-040691,2.0,15.0,1,Type2 AC,Kukatpally,0,2,0,26.4,0.548,77.0,3.4,2W,452.0,0.71,0
VG-SES-021102,5.0,60.0,3,CCS2,Kukatpally,15,1,0,28.4,0.564,63.9,7.7,3W,227.0,2.67,0
VG-SES-010611,4.0,60.0,3,Type2 AC,Madhapur,10,2,0,34.2,0.609,48.5,26.5,4W,54.0,9.58,0
VG-SES-043668,4.0,60.0,3,Type2 AC,Madhapur,11,4,0,38.7,0.569,40.9,4.4,2W,125.0,0.16,0
VG-SES-021325,6.0,30.0,3,Type2 AC,Madhapur,21,6,1,34.5,0.714,65.1,43.6,4W,204.0,14.2,0
VG-SES-038291,5.0,180.0,5,CHAdeMO,Gachibowli,8,1,0,23.1,0.624,31.1,11.7,3W,10.0,0.49,0
VG-SES-026023,5.0,60.0,3,CCS2,Kukatpally,15,4,0,38.2,0.592,22.4,3.1,2W,197.0,1.37,0
VG-SES-016537,4.0,30.0,4,Bharat AC-001,Gachibowli,2,0,0,29.8,0.524,55.7,41.4,4W,233.0,17.04,0
VG-SES-009416,4.0,60.0,3,Type2 AC,Madhapur,17,3,0,33.9,0.764,25.1,64.5,4W,253.0,14.91,0
VG-SES-038899,4.0,60.0,3,Type2 AC,Madhapur,11,4,0,40.9,0.567,37.6,31.0,4W,228.0,6.79,0
VG-SES-028906,6.0,30.0,4,Bharat DC-001,Uppal,14,5,1,24.8,0.471,47.7,60.0,4W,283.0,28.12,0
VG-SES-011965,7.0,30.0,2,Bharat AC-001,Kukatpally,1,4,0,30.6,0.47,57.4,55.6,4W,527.0,24.24,0
VG-SES-039526,3.0,30.0,2,Type2 AC,Secunderabad,11,0,0,30.0,0.579,65.2,3.2,2W,61.0,0.79,0
VG-SES-017041,3.0,30.0,1,Bharat AC-001,Uppal,0,5,1,25.3,0.451,34.2,266.6,Bus,533.0,157.53,0
VG-SES-009379,7.0,30.0,2,Bharat AC-001,Kukatpally,6,0,0,31.3,0.59,61.0,4.2,2W,143.0,0.0,1
VG-SES-026919,5.0,30.0,1,Type2 AC,Secunderabad,20,1,0,22.8,0.838,59.1,66.9,4W,233.0,23.88,0
VG-SES-008452,2.0,15.0,1,Type2 AC,Kukatpally,22,6,1,21.3,0.697,18.8,68.9,4W,522.0,22.05,0
VG-SES-010055,3.0,150.0,5,CCS2,Kukatpally,6,3,0,15.9,0.562,13.6,2.1,2W,24.0,0.02,0
VG-SES-043793,5.0,30.0,1,Type2 AC,Secunderabad,5,2,0,20.5,0.532,41.0,3.0,2W,494.0,1.5,0
VG-SES-032479,6.0,30.0,3,Type2 AC,Madhapur,21,2,0,39.0,0.806,26.9,4.0,2W,238.0,2.36,0
VG-SES-013331,7.0,120.0,7,CCS2,Madhapur,13,2,0,32.6,0.495,78.4,236.3,Bus,34.0,0.0,1
VG-SES-033529,4.0,60.0,3,Type2 AC,Madhapur,11,6,1,34.8,0.502,83.5,3.2,2W,369.0,7.17,0
VG-SES-022548,7.0,30.0,2,Bharat AC-001,Kukatpally,20,6,1,25.1,0.685,52.1,70.9,4W,388.0,22.44,0
VG-SES-019180,2.0,180.0,8,CHAdeMO,Madhapur,19,4,0,21.1,0.784,25.1,38.7,4W,24.0,6.69,0
VG-SES-029897,4.0,30.0,4,Bharat AC-001,Gachibowli,6,6,1,18.4,0.462,47.9,3.3,2W,457.0,1.71,0
VG-SES-021620,3.0,150.0,5,CCS2,Kukatpally,19,0,0,29.1,0.888,51.5,62.3,4W,20.0,1.53,0
VG-SES-006944,7.0,30.0,4,Type2 AC,Gachibowli,17,2,0,24.3,0.652,72.1,3.2,2W,59.0,0.66,0
VG-SES-023420,3.0,30.0,1,Bharat AC-001,Uppal,22,5,1,18.5,0.628,42.4,44.7,4W,391.0,26.19,0
VG-SES-001016,5.0,60.0,3,CCS2,Kukatpally,14,6,1,32.1,0.492,47.0,51.0,4W,147.0,26.98,0
VG-SES-034025,5.0,60.0,3,CCS2,Kukatpally,11,3,0,40.8,0.592,28.4,46.2,4W,189.0,21.91,0
VG-SES-020619,6.0,30.0,3,Type2 AC,Madhapur,1,3,0,22.0,0.435,47.7,7.2,3W,176.0,0.65,0
VG-SES-031623,3.0,30.0,1,Bharat AC-001,Uppal,19,3,0,30.0,0.79,45.5,2.7,2W,900.0,0.21,0
VG-SES-033787,6.0,30.0,4,Bharat DC-001,Uppal,15,3,0,35.3,0.522,10.2,56.8,4W,159.0,38.07,0
VG-SES-013279,3.0,150.0,5,CCS2,Kukatpally,8,4,0,38.8,0.614,38.3,7.5,3W,19.0,0.21,0
VG-SES-021352,4.0,150.0,3,CCS2,Uppal,7,3,0,32.6,0.568,46.8,209.8,Bus,40.0,37.0,0
VG-SES-033561,3.0,30.0,1,Bharat AC-001,Uppal,19,3,0,42.2,0.815,44.4,9.3,3W,206.0,4.0,0
VG-SES-019009,3.0,30.0,1,Bharat AC-001,Uppal,23,6,1,26.7,0.551,47.8,315.7,Bus,274.0,65.29,0
VG-SES-043310,2.0,180.0,8,CHAdeMO,Madhapur,7,3,0,19.2,0.622,61.0,349.8,Bus,43.0,78.86,0
VG-SES-002565,6.0,30.0,3,Type2 AC,Madhapur,22,3,0,32.4,0.619,31.6,33.5,4W,233.0,21.02,0
VG-SES-011878,2.0,60.0,2,CCS2,Gachibowli,11,2,0,36.0,0.654,38.4,10.5,3W,317.0,6.52,0
VG-SES-035634,6.0,30.0,3,Type2 AC,Madhapur,6,6,1,23.3,0.546,68.4,59.5,4W,515.0,12.55,0
VG-SES-040894,5.0,30.0,1,Type2 AC,Secunderabad,23,3,0,16.5,0.638,77.7,3.2,2W,555.0,0.63,0
VG-SES-041094,7.0,30.0,4,Type2 AC,Gachibowli,11,2,0,40.9,0.556,33.8,50.4,4W,115.0,25.75,0
VG-SES-027612,2.0,180.0,8,CHAdeMO,Madhapur,22,6,1,18.5,0.663,48.7,46.6,4W,37.0,10.49,0
VG-SES-021497,6.0,30.0,4,Bharat DC-001,Uppal,9,5,1,32.4,0.582,36.4,74.3,4W,254.0,24.17,0
VG-SES-014229,5.0,30.0,1,Type2 AC,Secunderabad,21,1,0,37.2,0.808,19.1,3.3,2W,576.0,0.19,0
VG-SES-027594,4.0,60.0,3,Type2 AC,Madhapur,13,4,0,29.4,0.577,47.8,4.0,2W,188.0,1.98,0
VG-SES-003331,4.0,30.0,4,Bharat AC-001,Gachibowli,22,0,0,25.8,0.678,26.4,3.5,2W,220.0,2.29,0
VG-SES-007870,6.0,30.0,4,Bharat DC-001,Uppal,11,4,0,32.7,0.564,42.9,57.7,4W,82.0,0.0,1
VG-SES-029824,6.0,30.0,3,Type2 AC,Madhapur,23,3,0,31.3,0.569,50.6,2.7,2W,426.0,0.59,0
VG-SES-016683,4.0,60.0,3,Type2 AC,Madhapur,16,5,1,26.5,0.659,19.5,45.9,4W,200.0,0.0,1
VG-SES-022793,6.0,30.0,4,Bharat DC-001,Uppal,10,1,0,23.9,0.541,30.0,10.7,3W,218.0,0.98,0
VG-SES-015471,5.0,180.0,5,CHAdeMO,Gachibowli,6,3,0,31.0,0.616,13.0,29.6,4W,21.0,4.04,0
VG-SES-000349,7.0,30.0,2,Bharat AC-001,Kukatpally,21,1,0,29.6,0.806,31.7,2.0,2W,537.0,1.25,0
VG-SES-026971,5.0,180.0,5,CHAdeMO,Gachibowli,18,5,1,18.7,0.735,69.3,3.9,2W,24.0,0.37,0
VG-SES-028663,5.0,180.0,5,CHAdeMO,Gachibowli,12,4,0,27.1,0.599,42.1,8.1,3W,24.0,0.83,0
VG-SES-021150,7.0,30.0,2,Bharat AC-001,Kukatpally,23,6,1,34.2,0.638,61.3,3.4,2W,457.0,0.63,0
VG-SES-025603,5.0,60.0,3,CCS2,Kukatpally,16,1,0,35.7,0.658,64.7,2.3,2W,211.0,0.74,0
VG-SES-029200,3.0,30.0,2,Type2 AC,Secunderabad,10,6,1,34.9,0.557,77.9,48.8,4W,88.0,10.65,0
VG-SES-009805,3.0,150.0,5,CCS2,Kukatpally,7,6,1,32.8,0.511,40.3,56.5,4W,44.0,18.13,0
VG-SES-019422,5.0,180.0,5,CHAdeMO,Gachibowli,20,2,0,35.7,0.848,34.4,72.8,4W,35.0,13.31,0
VG-SES-030235,3.0,30.0,2,Type2 AC,Secunderabad,11,4,0,24.8,0.591,44.8,2.1,2W,140.0,0.44,0
VG-SES-025670,2.0,15.0,1,Type2 AC,Kukatpally,20,6,1,21.3,0.708,15.9,4.4,2W,395.0,1.56,0
VG-SES-030494,7.0,30.0,2,Bharat AC-001,Kukatpally,22,4,0,19.1,0.685,37.4,54.3,4W,775.0,23.94,0
VG-SES-007911,6.0,150.0,4,GB/T,Secunderabad,18,5,1,36.8,0.731,65.2,35.8,4W,40.0,9.94,0
VG-SES-019211,3.0,30.0,2,Type2 AC,Secunderabad,11,2,0,20.6,0.616,19.2,8.5,4W,145.0,2.17,0
VG-SES-004533,7.0,120.0,7,CCS2,Madhapur,13,1,0,26.0,0.487,69.4,4.3,2W,54.0,0.94,0
VG-SES-042015,7.0,120.0,7,CCS2,Madhapur,13,5,1,38.3,0.543,63.1,3.4,2W,38.0,0.49,0
VG-SES-002029,6.0,30.0,4,Bharat DC-001,Uppal,10,6,1,26.2,0.536,36.2,26.0,4W,277.0,14.15,0
VG-SES-018832,3.0,30.0,1,Bharat AC-001,Uppal,21,5,1,34.7,0.729,12.8,2.9,2W,594.0,1.41,0
VG-SES-015339,2.0,15.0,1,Type2 AC,Kukatpally,5,1,0,30.9,0.482,54.7,4.2,2W,436.0,1.03,0
VG-SES-031020,3.0,150.0,5,CCS2,Kukatpally,18,3,0,27.7,0.844,73.1,41.4,4W,11.0,0.0,1
VG-SES-013439,5.0,60.0,3,CCS2,Kukatpally,15,2,0,27.8,0.563,51.1,9.1,3W,177.0,3.23,0
VG-SES-038658,2.0,180.0,8,CHAdeMO,Madhapur,22,3,0,19.1,0.684,57.4,3.4,2W,47.0,0.0,1
VG-SES-027294,6.0,30.0,4,Bharat DC-001,Uppal,8,2,0,20.6,0.638,56.1,34.3,4W,102.0,9.57,0
VG-SES-023883,3.0,150.0,5,CCS2,Kukatpally,18,5,1,33.9,0.665,51.9,2.9,2W,55.0,0.73,0
VG-SES-039803,2.0,15.0,1,Type2 AC,Kukatpally,22,0,0,32.4,0.739,32.4,40.9,4W,274.0,15.74,0
VG-SES-027101,4.0,60.0,3,Type2 AC,Madhapur,10,5,1,28.7,0.595,26.7,3.2,2W,125.0,1.77,0
VG-SES-018792,5.0,180.0,5,CHAdeMO,Gachibowli,12,6,1,42.8,0.6,30.2,3.4,2W,34.0,0.49,0
VG-SES-033583,6.0,30.0,4,Bharat DC-001,Uppal,8,3,0,23.9,0.633,21.0,4.3,2W,227.0,3.0,0
VG-SES-039697,2.0,60.0,2,CCS2,Gachibowli,11,0,0,31.0,0.576,27.1,29.2,4W,196.0,10.88,0
VG-SES-031864,6.0,30.0,3,Type2 AC,Madhapur,2,1,0,21.7,0.43,69.2,3.6,2W,595.0,0.78,0
VG-SES-024251,3.0,30.0,2,Type2 AC,Secunderabad,14,1,0,30.7,0.509,15.1,3.0,2W,232.0,1.28,0
VG-SES-003639,3.0,30.0,1,Bharat AC-001,Uppal,20,5,1,36.5,0.756,22.5,2.4,2W,539.0,1.1,0
VG-SES-039739,7.0,30.0,2,Bharat AC-001,Kukatpally,22,2,0,31.2,0.738,59.3,9.9,3W,521.0,0.0,1
VG-SES-015262,5.0,60.0,3,CCS2,Kukatpally,17,5,1,24.5,0.579,29.7,35.7,4W,148.0,0.0,1
VG-SES-033596,7.0,30.0,4,Type2 AC,Gachibowli,17,1,0,23.9,0.711,9.1,11.3,3W,171.0,8.1,0
VG-SES-042981,4.0,60.0,3,Type2 AC,Madhapur,11,4,0,39.8,0.578,31.7,67.3,4W,247.0,198.12,0
VG-SES-023503,5.0,180.0,5,CHAdeMO,Gachibowli,19,4,0,27.5,0.822,50.3,2.7,2W,8.0,0.15,0
VG-SES-011910,2.0,180.0,8,CHAdeMO,Madhapur,21,3,0,36.6,0.746,68.8,2.9,2W,32.0,0.0,1
VG-SES-037498,3.0,30.0,2,Type2 AC,Secunderabad,16,2,0,29.5,0.564,41.0,51.6,4W,118.0,24.6,0
VG-SES-042376,6.0,150.0,4,GB/T,Secunderabad,21,5,1,32.4,0.716,11.9,4.3,2W,18.0,0.36,0
VG-SES-040726,3.0,150.0,5,CCS2,Kukatpally,11,3,0,40.4,0.569,38.9,2.6,2W,34.0,0.13,0
VG-SES-008288,6.0,150.0,4,GB/T,Secunderabad,19,4,0,37.2,0.78,68.6,3.8,2W,28.0,0.47,0
VG-SES-010115,6.0,30.0,4,Bharat DC-001,Uppal,15,0,0,36.3,0.577,59.6,59.5,4W,187.0,21.2,0
VG-SES-014292,5.0,180.0,5,CHAdeMO,Gachibowli,20,2,0,34.4,0.825,67.1,4.3,2W,13.0,0.23,0
VG-SES-003849,3.0,30.0,1,Bharat AC-001,Uppal,0,5,1,32.3,0.473,18.0,72.6,4W,545.0,27.24,0
VG-SES-010044,4.0,60.0,3,Type2 AC,Madhapur,10,6,1,30.6,0.561,58.7,74.5,4W,133.0,5.19,0
VG-SES-010351,5.0,180.0,5,CHAdeMO,Gachibowli,8,3,0,25.2,0.607,33.9,11.5,3W,7.0,0.36,0
VG-SES-032977,3.0,30.0,2,Type2 AC,Secunderabad,17,6,1,29.4,0.61,24.4,48.6,4W,85.0,2.72,0
VG-SES-017146,5.0,30.0,1,Type2 AC,Secunderabad,20,5,1,30.9,0.733,56.4,3.2,2W,566.0,0.0,1
VG-SES-018384,3.0,30.0,1,Bharat AC-001,Uppal,6,0,0,22.6,0.512,35.2,3.4,2W,354.0,0.38,0
VG-SES-029597,6.0,150.0,4,GB/T,Secunderabad,21,6,1,27.4,0.761,13.7,2.5,2W,24.0,0.0,1
VG-SES-039155,6.0,150.0,4,GB/T,Secunderabad,18,4,0,37.7,0.806,29.6,32.4,4W,27.0,5.87,0
VG-SES-036693,7.0,120.0,7,CCS2,Madhapur,21,2,0,33.3,0.812,39.1,2.6,2W,38.0,0.44,0
VG-SES-008063,7.0,120.0,7,CCS2,Madhapur,21,2,0,34.4,0.781,62.0,11.3,3W,40.0,1.93,0
VG-SES-025868,2.0,180.0,8,CHAdeMO,Madhapur,6,2,0,16.4,0.526,43.1,38.2,4W,48.0,11.72,0
VG-SES-024739,2.0,15.0,1,Type2 AC,Kukatpally,23,6,1,27.0,0.508,39.0,2.5,2W,545.0,1.26,0
VG-SES-031360,7.0,30.0,2,Bharat AC-001,Kukatpally,6,2,0,21.3,0.514,23.4,4.1,2W,666.0,2.8,0
VG-SES-010370,7.0,30.0,4,Type2 AC,Gachibowli,17,1,0,33.6,0.711,71.4,3.4,2W,211.0,0.0,1
VG-SES-001145,5.0,60.0,3,CCS2,Kukatpally,14,4,0,39.6,0.586,67.9,2.6,2W,198.0,0.75,0
VG-SES-012325,3.0,150.0,5,CCS2,Kukatpally,8,4,0,32.7,0.565,34.5,3.9,2W,32.0,0.59,0
VG-SES-008280,3.0,30.0,1,Bharat AC-001,Uppal,22,5,1,23.9,0.707,39.5,7.9,3W,166.0,4.25,0
VG-SES-021335,7.0,30.0,2,Bharat AC-001,Kukatpally,20,4,0,28.9,0.751,63.0,72.4,4W,458.0,0.0,1
VG-SES-034195,2.0,180.0,8,CHAdeMO,Madhapur,21,4,0,15.6,0.778,30.5,2.1,2W,41.0,0.34,0
VG-SES-030200,7.0,30.0,2,Bharat AC-001,Kukatpally,6,0,0,17.3,0.641,30.1,60.7,4W,433.0,25.29,0
VG-SES-013993,2.0,15.0,1,Type2 AC,Kukatpally,22,0,0,20.3,0.701,42.6,8.4,3W,316.0,4.52,0
VG-SES-019777,6.0,150.0,4,GB/T,Secunderabad,13,2,0,36.0,0.56,36.6,50.4,4W,23.0,7.94,0
VG-SES-009394,7.0,120.0,7,CCS2,Madhapur,8,4,0,26.4,0.676,9.0,44.8,4W,45.0,12.74,0
VG-SES-002654,4.0,60.0,3,Type2 AC,Madhapur,8,5,1,32.7,0.624,63.9,46.2,4W,221.0,13.26,0
VG-SES-040651,5.0,30.0,1,Type2 AC,Secunderabad,1,4,0,31.3,0.499,61.6,4.2,2W,318.0,1.24,0
VG-SES-033992,3.0,30.0,1,Bharat AC-001,Uppal,23,6,1,36.4,0.607,58.6,2.8,2W,490.0,1.02,0
VG-SES-035572,5.0,60.0,3,CCS2,Kukatpally,8,6,1,26.7,0.653,20.1,2.6,2W,170.0,0.77,0
VG-SES-016445,4.0,150.0,3,CCS2,Uppal,22,5,1,32.3,0.663,32.9,4.0,2W,42.0,0.74,0
VG-SES-006882,7.0,30.0,4,Type2 AC,Gachibowli,10,2,0,29.7,0.634,33.3,3.2,2W,126.0,0.92,0
VG-SES-024905,7.0,120.0,7,CCS2,Madhapur,18,5,1,30.4,0.723,14.4,11.5,3W,30.0,1.37,0
VG-SES-007286,5.0,30.0,1,Type2 AC,Secunderabad,5,3,0,23.7,0.511,30.3,256.4,Bus,311.0,48.56,0
VG-SES-012734,4.0,150.0,3,CCS2,Uppal,7,0,0,22.4,0.607,43.3,25.7,4W,31.0,4.53,0
VG-SES-015296,7.0,30.0,4,Type2 AC,Gachibowli,13,4,0,41.3,0.468,35.3,57.9,4W,112.0,31.3,0
VG-SES-001308,7.0,30.0,4,Type2 AC,Gachibowli,10,2,0,28.1,0.702,25.3,9.0,3W,135.0,1.11,0
VG-SES-031473,3.0,30.0,1,Bharat AC-001,Uppal,21,5,1,20.7,0.726,22.7,37.8,4W,790.0,8.93,0
VG-SES-021941,4.0,60.0,3,Type2 AC,Madhapur,10,4,0,26.4,0.6,49.0,73.2,4W,220.0,5.51,0
VG-SES-010365,3.0,30.0,1,Bharat AC-001,Uppal,5,6,1,27.5,0.469,27.1,3.3,2W,246.0,1.09,0
VG-SES-035235,7.0,30.0,4,Type2 AC,Gachibowli,11,5,1,36.9,0.564,68.0,3.9,2W,158.0,1.22,0
VG-SES-031923,2.0,180.0,8,CHAdeMO,Madhapur,8,1,0,27.5,0.653,49.3,2.7,2W,30.0,4.88,0
VG-SES-037104,6.0,150.0,4,GB/T,Secunderabad,18,3,0,41.9,0.819,43.8,4.1,2W,20.0,0.35,0
VG-SES-032799,6.0,150.0,4,GB/T,Secunderabad,8,1,0,31.8,0.651,41.9,2.5,2W,17.0,0.16,0
VG-SES-000791,3.0,30.0,2,Type2 AC,Secunderabad,15,2,0,31.5,0.534,36.2,41.1,4W,132.0,18.3,0
VG-SES-024207,4.0,30.0,4,Bharat AC-001,Gachibowli,6,1,0,30.4,0.618,52.3,35.5,4W,230.0,7.94,0
VG-SES-044869,4.0,60.0,3,Type2 AC,Madhapur,9,3,0,26.1,0.635,46.3,11.1,3W,220.0,6.02,0
VG-SES-005290,4.0,30.0,4,Bharat AC-001,Gachibowli,20,4,0,24.8,0.81,9.1,8.5,4W,382.0,5.77,0
VG-SES-024829,4.0,30.0,4,Bharat AC-001,Gachibowli,19,5,1,29.4,0.732,43.0,3.7,2W,433.0,1.26,0
VG-SES-015568,3.0,30.0,2,Type2 AC,Secunderabad,14,2,0,31.0,0.527,49.7,12.0,3W,155.0,3.44,0
VG-SES-004382,3.0,30.0,2,Type2 AC,Secunderabad,15,3,0,27.8,0.614,21.0,43.0,4W,133.0,10.66,0
VG-SES-039587,6.0,30.0,3,Type2 AC,Madhapur,6,2,0,30.1,0.619,23.9,48.8,4W,261.0,16.07,0
VG-SES-025802,4.0,60.0,3,Type2 AC,Madhapur,15,3,0,39.5,0.505,52.6,72.4,4W,98.0,34.34,0
VG-SES-022871,7.0,30.0,2,Bharat AC-001,Kukatpally,19,0,0,34.2,0.844,41.3,3.9,2W,369.0,2.3,0
VG-SES-010177,2.0,60.0,2,CCS2,Gachibowli,15,4,0,30.4,0.564,16.9,49.2,4W,132.0,4.7,0
VG-SES-021280,7.0,30.0,4,Type2 AC,Gachibowli,11,1,0,26.5,0.572,52.6,2.9,2W,235.0,1.44,0
VG-SES-016512,2.0,60.0,2,CCS2,Gachibowli,10,4,0,20.8,0.624,25.2,40.7,4W,190.0,24.83,0
VG-SES-018683,6.0,30.0,4,Bharat DC-001,Uppal,10,5,1,30.0,0.67,34.7,2.6,2W,279.0,0.99,0
VG-SES-000211,6.0,150.0,4,GB/T,Secunderabad,6,6,1,32.8,0.507,36.5,56.9,4W,42.0,5.68,0
VG-SES-034104,3.0,30.0,2,Type2 AC,Secunderabad,16,2,0,29.4,0.626,54.9,229.0,Bus,157.0,77.06,0
VG-SES-012305,2.0,60.0,2,CCS2,Gachibowli,9,3,0,29.1,0.599,30.1,2.4,2W,105.0,1.16,0
VG-SES-013050,5.0,180.0,5,CHAdeMO,Gachibowli,7,6,1,32.4,0.527,34.0,2.8,2W,40.0,0.48,0
VG-SES-015697,4.0,150.0,3,CCS2,Uppal,12,2,0,28.8,0.659,44.1,3.1,2W,20.0,0.25,0
VG-SES-025298,7.0,120.0,7,CCS2,Madhapur,19,6,1,35.0,0.738,40.3,9.1,3W,23.0,0.97,0
VG-SES-019595,2.0,180.0,8,CHAdeMO,Madhapur,8,3,0,23.9,0.608,34.7,34.3,4W,27.0,6.64,0
VG-SES-024395,2.0,15.0,1,Type2 AC,Kukatpally,5,1,0,20.1,0.562,17.0,2.4,2W,619.0,0.96,0
VG-SES-042658,4.0,30.0,4,Bharat AC-001,Gachibowli,1,2,0,16.4,0.527,25.0,3.7,2W,426.0,0.81,0
VG-SES-042329,2.0,60.0,2,CCS2,Gachibowli,15,1,0,33.6,0.605,57.9,65.0,4W,110.0,22.77,0
VG-SES-006346,3.0,30.0,2,Type2 AC,Secunderabad,10,4,0,28.9,0.64,18.1,4.3,2W,82.0,1.44,0
VG-SES-007441,4.0,150.0,3,CCS2,Uppal,11,2,0,31.3,0.629,30.2,3.9,2W,43.0,0.71,0
VG-SES-022381,5.0,60.0,3,CCS2,Kukatpally,8,6,1,34.1,0.539,19.9,69.2,4W,181.0,41.13,0
VG-SES-009117,6.0,30.0,3,Type2 AC,Madhapur,19,6,1,33.5,0.747,63.3,4.2,2W,278.0,1.04,0
VG-SES-016713,6.0,30.0,3,Type2 AC,Madhapur,6,0,0,25.7,0.54,63.1,10.1,3W,420.0,3.87,0
VG-SES-013909,5.0,30.0,1,Type2 AC,Secunderabad,0,2,0,31.0,0.463,38.8,11.3,3W,433.0,6.54,0
VG-SES-044434,4.0,150.0,3,CCS2,Uppal,11,1,0,26.4,0.601,36.6,65.0,4W,11.0,5.05,0
VG-SES-005804,6.0,30.0,3,Type2 AC,Madhapur,22,6,1,31.4,0.667,30.9,2.7,2W,519.0,0.68,0
VG-SES-020441,2.0,15.0,1,Type2 AC,Kukatpally,19,0,0,28.2,0.787,54.4,57.1,4W,369.0,26.21,0
VG-SES-028160,6.0,30.0,4,Bharat DC-001,Uppal,11,5,1,30.9,0.535,33.1,2.0,2W,71.0,0.67,0
VG-SES-003673,7.0,30.0,4,Type2 AC,Gachibowli,8,6,1,29.0,0.576,77.2,57.4,4W,89.0,9.74,0
VG-SES-005330,5.0,60.0,3,CCS2,Kukatpally,17,1,0,26.4,0.662,56.5,7.5,3W,63.0,0.94,0
VG-SES-027167,4.0,150.0,3,CCS2,Uppal,8,1,0,19.3,0.672,54.4,63.0,4W,41.0,0.0,1
VG-SES-007458,5.0,180.0,5,CHAdeMO,Gachibowli,12,6,1,28.7,0.54,32.6,50.0,4W,36.0,11.08,0
VG-SES-040624,7.0,30.0,2,Bharat AC-001,Kukatpally,1,2,0,23.9,0.504,59.8,58.6,4W,810.0,20.64,0
VG-SES-025901,4.0,60.0,3,Type2 AC,Madhapur,13,4,0,26.5,0.537,22.5,3.6,2W,60.0,0.8,0
VG-SES-008197,4.0,60.0,3,Type2 AC,Madhapur,10,4,0,22.1,0.579,60.3,4.4,2W,185.0,1.61,0
VG-SES-021260,5.0,180.0,5,CHAdeMO,Gachibowli,8,6,1,26.5,0.516,33.3,46.7,4W,38.0,10.28,0
VG-SES-003882,3.0,30.0,2,Type2 AC,Secunderabad,14,3,0,26.1,0.541,65.9,59.6,4W,218.0,18.62,0
VG-SES-015410,5.0,60.0,3,CCS2,Kukatpally,8,2,0,29.6,0.615,51.9,56.6,4W,109.0,27.38,0
VG-SES-014683,3.0,30.0,1,Bharat AC-001,Uppal,22,5,1,23.8,0.667,28.4,259.9,Bus,241.0,113.07,0
VG-SES-023003,6.0,30.0,4,Bharat DC-001,Uppal,10,0,0,36.7,0.609,38.7,62.5,4W,174.0,33.57,0
VG-SES-040846,2.0,180.0,8,CHAdeMO,Madhapur,11,1,0,36.9,0.673,16.8,4.3,2W,33.0,0.12,0
VG-SES-042224,6.0,30.0,4,Bharat DC-001,Uppal,9,1,0,29.8,0.675,50.5,2.0,2W,247.0,0.66,0
VG-SES-031560,6.0,30.0,4,Bharat DC-001,Uppal,8,3,0,33.4,0.643,23.1,70.4,4W,189.0,0.0,1
VG-SES-031777,2.0,60.0,2,CCS2,Gachibowli,8,3,0,35.0,0.641,69.7,8.3,3W,242.0,2.25,0
VG-SES-028056,5.0,30.0,1,Type2 AC,Secunderabad,6,2,0,17.4,0.526,18.4,2.3,2W,221.0,1.0,0
VG-SES-038634,4.0,150.0,3,CCS2,Uppal,8,2,0,30.9,0.637,29.9,8.4,3W,41.0,1.61,0
VG-SES-010777,7.0,120.0,7,CCS2,Madhapur,19,2,0,21.9,0.796,24.3,30.5,4W,19.0,4.23,0
VG-SES-028550,7.0,30.0,4,Type2 AC,Gachibowli,17,2,0,32.3,0.723,61.5,38.7,4W,376.0,7.88,0
VG-SES-020651,7.0,30.0,2,Bharat AC-001,Kukatpally,6,6,1,28.5,0.487,35.1,69.5,4W,269.0,37.21,0
VG-SES-017980,4.0,30.0,4,Bharat AC-001,Gachibowli,2,1,0,27.9,0.598,43.4,2.9,2W,405.0,1.55,0
VG-SES-035579,4.0,30.0,4,Bharat AC-001,Gachibowli,21,2,0,23.4,0.74,32.3,42.8,4W,735.0,28.25,0
VG-SES-027690,4.0,150.0,3,CCS2,Uppal,22,0,0,26.0,0.762,14.0,3.8,2W,29.0,0.47,0
VG-SES-029949,5.0,30.0,1,Type2 AC,Secunderabad,21,6,1,19.9,0.669,34.5,3.7,2W,295.0,2.0,0
VG-SES-015998,4.0,150.0,3,CCS2,Uppal,8,3,0,34.7,0.616,18.9,3.7,2W,24.0,0.34,0
VG-SES-034412,4.0,30.0,4,Bharat AC-001,Gachibowli,19,6,1,35.9,0.732,40.4,2.3,2W,107.0,0.95,0
VG-SES-006485,4.0,30.0,4,Bharat AC-001,Gachibowli,5,3,0,27.2,0.569,43.0,2.3,2W,478.0,1.33,0
VG-SES-026489,6.0,30.0,3,Type2 AC,Madhapur,23,1,0,33.3,0.634,68.3,57.2,4W,307.0,15.54,0
VG-SES-018221,4.0,150.0,3,CCS2,Uppal,19,0,0,37.5,0.794,7.6,2.1,2W,43.0,0.42,0
VG-SES-002162,3.0,150.0,5,CCS2,Kukatpally,8,5,1,12.9,0.62,21.1,8.8,3W,37.0,1.32,0
VG-SES-007298,5.0,60.0,3,CCS2,Kukatpally,9,6,1,36.1,0.569,63.9,47.7,4W,221.0,1.74,0
VG-SES-014148,4.0,30.0,4,Bharat AC-001,Gachibowli,22,0,0,38.8,0.634,23.0,2.9,2W,178.0,1.25,0
VG-SES-039549,4.0,150.0,3,CCS2,Uppal,7,2,0,27.2,0.571,67.4,2.9,2W,39.0,0.47,0
VG-SES-026665,4.0,60.0,3,Type2 AC,Madhapur,11,5,1,36.1,0.51,43.2,2.2,2W,164.0,0.55,0
VG-SES-013592,2.0,180.0,8,CHAdeMO,Madhapur,11,2,0,40.8,0.606,16.2,10.9,3W,26.0,0.0,1
VG-SES-035420,6.0,30.0,4,Bharat DC-001,Uppal,15,3,0,42.3,0.548,28.7,10.4,3W,244.0,0.0,1
VG-SES-012703,5.0,60.0,3,CCS2,Kukatpally,16,1,0,39.9,0.579,34.2,3.9,2W,155.0,2.42,0
VG-SES-003578,7.0,30.0,4,Type2 AC,Gachibowli,8,0,0,24.7,0.579,37.4,3.4,2W,222.0,1.66,0
VG-SES-043089,5.0,60.0,3,CCS2,Kukatpally,13,1,0,31.9,0.548,44.9,2.4,2W,90.0,0.95,0
VG-SES-028784,7.0,30.0,4,Type2 AC,Gachibowli,13,6,1,33.6,0.557,32.4,3.3,2W,125.0,1.78,0
VG-SES-014719,3.0,30.0,1,Bharat AC-001,Uppal,23,2,0,28.2,0.622,19.1,74.7,4W,403.0,53.66,0
VG-SES-005035,2.0,15.0,1,Type2 AC,Kukatpally,21,2,0,34.3,0.827,42.8,40.2,4W,572.0,23.19,0
VG-SES-025365,6.0,150.0,4,GB/T,Secunderabad,22,1,0,25.9,0.685,69.2,45.5,4W,27.0,7.72,0
VG-SES-031984,6.0,150.0,4,GB/T,Secunderabad,19,1,0,36.6,0.834,35.9,256.1,Bus,22.0,23.59,0
VG-SES-010529,6.0,30.0,3,Type2 AC,Madhapur,21,5,1,15.5,0.691,48.1,3.4,2W,553.0,0.0,1
VG-SES-036261,3.0,30.0,2,Type2 AC,Secunderabad,13,0,0,36.0,0.613,19.5,335.4,Bus,139.0,64.58,0
VG-SES-008793,7.0,30.0,4,Type2 AC,Gachibowli,13,0,0,25.7,0.493,43.0,29.2,4W,173.0,14.88,0
VG-SES-019449,5.0,180.0,5,CHAdeMO,Gachibowli,20,2,0,23.1,0.843,14.9,2.0,2W,20.0,0.0,1
VG-SES-023316,5.0,180.0,5,CHAdeMO,Gachibowli,13,3,0,41.3,0.496,19.9,2.1,2W,37.0,0.0,1
VG-SES-018755,5.0,30.0,1,Type2 AC,Secunderabad,22,2,0,32.9,0.637,19.5,2.3,2W,333.0,0.29,0
VG-SES-015224,5.0,60.0,3,CCS2,Kukatpally,14,5,1,38.3,0.511,57.9,4.2,2W,172.0,0.92,0
VG-SES-037859,6.0,30.0,4,Bharat DC-001,Uppal,9,3,0,34.9,0.72,34.3,2.5,2W,206.0,0.78,0
VG-SES-029876,3.0,150.0,5,CCS2,Kukatpally,8,1,0,30.0,0.67,31.8,3.3,2W,31.0,0.44,0
VG-SES-033760,2.0,15.0,1,Type2 AC,Kukatpally,1,2,0,19.0,0.466,40.9,7.5,3W,408.0,4.29,0
VG-SES-035932,6.0,30.0,4,Bharat DC-001,Uppal,10,6,1,24.8,0.652,35.3,2.4,2W,132.0,0.92,0
VG-SES-002182,6.0,30.0,3,Type2 AC,Madhapur,23,1,0,34.7,0.631,15.8,74.7,4W,366.0,0.0,1
VG-SES-039665,2.0,15.0,1,Type2 AC,Kukatpally,23,5,1,35.3,0.574,37.8,9.4,3W,134.0,1.92,0
VG-SES-009187,2.0,60.0,2,CCS2,Gachibowli,16,4,0,24.2,0.583,12.6,7.4,3W,123.0,1.57,0
VG-SES-011535,6.0,150.0,4,GB/T,Secunderabad,7,3,0,33.3,0.59,74.0,263.5,Bus,27.0,30.08,0
VG-SES-028908,4.0,60.0,3,Type2 AC,Madhapur,17,0,0,38.0,0.669,64.0,60.2,4W,69.0,19.67,0
VG-SES-016791,5.0,180.0,5,CHAdeMO,Gachibowli,22,0,0,28.2,0.723,57.4,4.3,2W,30.0,0.55,0
VG-SES-005240,4.0,30.0,4,Bharat AC-001,Gachibowli,19,4,0,27.0,0.873,37.0,32.0,4W,267.0,4.53,0
VG-SES-024268,7.0,30.0,4,Type2 AC,Gachibowli,8,6,1,25.4,0.577,25.5,2.2,2W,121.0,1.12,0
VG-SES-005994,5.0,30.0,1,Type2 AC,Secunderabad,20,2,0,24.3,0.852,44.0,4.0,2W,573.0,0.76,0
VG-SES-008897,6.0,30.0,4,Bharat DC-001,Uppal,9,4,0,37.2,0.671,48.0,2.7,2W,184.0,0.91,0
VG-SES-019349,6.0,30.0,3,Type2 AC,Madhapur,1,3,0,20.3,0.539,47.9,64.9,4W,327.0,14.32,0
VG-SES-032197,4.0,30.0,4,Bharat AC-001,Gachibowli,1,3,0,21.7,0.388,43.4,3.2,2W,730.0,1.38,0
VG-SES-022285,6.0,150.0,4,GB/T,Secunderabad,8,0,0,33.8,0.662,21.9,2.7,2W,44.0,0.0,1
VG-SES-026880,4.0,150.0,3,CCS2,Uppal,20,0,0,33.7,0.818,32.0,35.4,4W,48.0,11.55,0
VG-SES-009880,3.0,30.0,2,Type2 AC,Secunderabad,11,2,0,28.1,0.609,50.9,55.7,4W,149.0,27.41,0
VG-SES-020574,3.0,150.0,5,CCS2,Kukatpally,13,2,0,38.6,0.593,16.1,28.1,4W,16.0,2.99,0
VG-SES-040615,7.0,30.0,2,Bharat AC-001,Kukatpally,21,4,0,27.0,0.728,36.7,35.8,4W,658.0,14.41,0
VG-SES-027191,5.0,60.0,3,CCS2,Kukatpally,11,4,0,18.6,0.603,45.5,2.4,2W,280.0,0.45,0
VG-SES-013432,5.0,60.0,3,CCS2,Kukatpally,8,2,0,29.9,0.598,10.1,7.9,3W,130.0,1.5,0
VG-SES-032736,3.0,150.0,5,CCS2,Kukatpally,6,1,0,22.6,0.575,39.6,32.2,4W,19.0,4.31,0
VG-SES-024612,5.0,30.0,1,Type2 AC,Secunderabad,6,4,0,26.1,0.581,14.6,9.7,3W,353.0,6.44,0
VG-SES-012559,7.0,120.0,7,CCS2,Madhapur,11,0,0,32.3,0.59,14.5,35.8,4W,24.0,6.21,0
VG-SES-005770,3.0,150.0,5,CCS2,Kukatpally,20,3,0,34.7,0.8,18.5,8.7,3W,33.0,1.31,0
VG-SES-015026,4.0,150.0,3,CCS2,Uppal,7,2,0,32.0,0.558,43.9,2.9,2W,16.0,0.0,1
VG-SES-037378,3.0,30.0,2,Type2 AC,Secunderabad,13,2,0,27.3,0.496,41.8,67.5,4W,265.0,42.56,0
VG-SES-012445,5.0,180.0,5,CHAdeMO,Gachibowli,8,4,0,19.8,0.603,64.3,258.9,Bus,40.0,47.53,0
VG-SES-000236,4.0,150.0,3,CCS2,Uppal,8,4,0,20.2,0.661,31.3,3.9,2W,44.0,0.73,0
VG-SES-019623,4.0,60.0,3,Type2 AC,Madhapur,16,3,0,23.6,0.626,27.4,42.3,4W,227.0,17.65,0
VG-SES-040834,7.0,30.0,4,Type2 AC,Gachibowli,10,0,0,24.4,0.636,55.9,3.1,2W,103.0,1.32,0
VG-SES-030434,2.0,180.0,8,CHAdeMO,Madhapur,13,6,1,33.6,0.511,40.5,340.0,Bus,34.0,51.35,0
VG-SES-016564,2.0,15.0,1,Type2 AC,Kukatpally,22,3,0,17.4,0.644,45.3,2.9,2W,455.0,1.1,0
VG-SES-001644,2.0,60.0,2,CCS2,Gachibowli,10,5,1,28.8,0.601,12.9,53.5,4W,181.0,16.39,0
VG-SES-008205,3.0,30.0,1,Bharat AC-001,Uppal,21,2,0,22.4,0.706,14.8,42.1,4W,486.0,11.07,0
VG-SES-017550,5.0,60.0,3,CCS2,Kukatpally,9,5,1,29.4,0.582,34.8,38.6,4W,236.0,1.1,0
VG-SES-029010,7.0,30.0,2,Bharat AC-001,Kukatpally,21,0,0,23.6,0.749,43.1,3.9,2W,316.0,0.71,0
VG-SES-003619,2.0,60.0,2,CCS2,Gachibowli,10,5,1,28.3,0.623,59.2,11.3,3W,137.0,4.44,0
VG-SES-037229,3.0,150.0,5,CCS2,Kukatpally,11,3,0,25.7,0.634,43.4,7.4,3W,33.0,1.05,0
VG-SES-004497,7.0,30.0,4,Type2 AC,Gachibowli,13,6,1,29.5,0.469,17.9,2.2,2W,129.0,0.61,0
VG-SES-030835,2.0,60.0,2,CCS2,Gachibowli,9,5,1,24.2,0.583,46.0,2.7,2W,210.0,0.5,0
VG-SES-038188,5.0,60.0,3,CCS2,Kukatpally,10,1,0,35.0,0.65,8.1,74.5,4W,187.0,46.64,0
VG-SES-027965,3.0,30.0,2,Type2 AC,Secunderabad,9,1,0,28.7,0.65,19.1,4.4,2W,147.0,2.02,0
VG-SES-044525,4.0,60.0,3,Type2 AC,Madhapur,15,1,0,36.1,0.511,15.4,10.6,3W,204.0,3.42,0
VG-SES-033771,6.0,30.0,3,Type2 AC,Madhapur,22,6,1,26.0,0.624,51.7,3.1,2W,188.0,1.42,0
VG-SES-001076,2.0,180.0,8,CHAdeMO,Madhapur,18,4,0,35.5,0.713,59.7,72.6,4W,17.0,0.0,1
VG-SES-025264,2.0,180.0,8,CHAdeMO,Madhapur,21,2,0,36.1,0.764,29.1,2.6,2W,18.0,0.0,1
VG-SES-000074,2.0,180.0,8,CHAdeMO,Madhapur,20,6,1,33.4,0.829,28.9,6.5,3W,68.0,0.35,0
VG-SES-030087,6.0,30.0,3,Type2 AC,Madhapur,5,3,0,28.7,0.557,53.3,33.1,4W,456.0,14.3,0
VG-SES-021986,6.0,30.0,3,Type2 AC,Madhapur,5,2,0,18.8,0.478,57.6,2.0,2W,287.0,0.06,0
VG-SES-044658,5.0,60.0,3,CCS2,Kukatpally,8,4,0,29.2,0.611,51.9,26.0,4W,149.0,4.76,0
VG-SES-009184,5.0,60.0,3,CCS2,Kukatpally,9,6,1,34.7,0.61,27.1,2.9,2W,203.0,0.67,0
VG-SES-018380,6.0,30.0,4,Bharat DC-001,Uppal,14,0,0,38.2,0.519,46.4,2.5,2W,203.0,1.22,0
VG-SES-002309,7.0,30.0,2,Bharat AC-001,Kukatpally,20,0,0,20.8,0.86,47.5,2.9,2W,259.0,1.37,0
VG-SES-042522,6.0,30.0,4,Bharat DC-001,Uppal,13,3,0,29.7,0.547,44.9,2.2,2W,134.0,0.0,1
VG-SES-016499,4.0,60.0,3,Type2 AC,Madhapur,16,5,1,34.5,0.586,36.8,212.4,Bus,126.0,60.84,0
VG-SES-041805,7.0,30.0,2,Bharat AC-001,Kukatpally,22,3,0,18.3,0.731,76.7,7.3,3W,314.0,0.53,0
VG-SES-021395,5.0,30.0,1,Type2 AC,Secunderabad,21,3,0,30.0,0.804,66.0,3.2,2W,375.0,1.04,0
VG-SES-016553,3.0,30.0,2,Type2 AC,Secunderabad,9,1,0,37.7,0.556,25.8,7.5,3W,236.0,0.66,0
VG-SES-030253,4.0,150.0,3,CCS2,Uppal,13,6,1,37.5,0.526,35.0,3.4,2W,41.0,0.55,0
VG-SES-035324,3.0,30.0,1,Bharat AC-001,Uppal,1,1,0,20.4,0.496,37.4,7.7,3W,206.0,4.51,0
VG-SES-038746,4.0,30.0,4,Bharat AC-001,Gachibowli,21,5,1,27.6,0.666,20.5,26.7,4W,361.0,8.95,0
VG-SES-027442,2.0,15.0,1,Type2 AC,Kukatpally,22,1,0,29.1,0.672,39.7,48.0,4W,417.0,26.0,0
VG-SES-044025,3.0,150.0,5,CCS2,Kukatpally,13,1,0,31.9,0.634,47.3,4.0,2W,17.0,0.07,0
VG-SES-008122,7.0,120.0,7,CCS2,Madhapur,20,4,0,18.7,0.811,42.6,2.6,2W,47.0,0.53,0
VG-SES-013238,4.0,30.0,4,Bharat AC-001,Gachibowli,20,0,0,25.6,0.81,39.2,258.8,Bus,540.0,51.13,0
VG-SES-028934,2.0,180.0,8,CHAdeMO,Madhapur,13,6,1,32.4,0.474,57.1,64.9,4W,18.0,4.48,0
VG-SES-018603,4.0,30.0,4,Bharat AC-001,Gachibowli,23,1,0,21.4,0.593,30.3,12.0,3W,544.0,7.61,0
VG-SES-032007,2.0,15.0,1,Type2 AC,Kukatpally,20,2,0,31.0,0.81,31.1,2.7,2W,496.0,1.28,0
VG-SES-025663,2.0,60.0,2,CCS2,Gachibowli,14,4,0,35.1,0.548,42.2,229.0,Bus,153.0,49.82,0
VG-SES-012630,4.0,150.0,3,CCS2,Uppal,12,5,1,39.5,0.415,47.1,26.0,4W,36.0,6.09,0
VG-SES-031968,5.0,180.0,5,CHAdeMO,Gachibowli,21,4,0,35.7,0.822,30.3,2.3,2W,20.0,0.09,0
VG-SES-012428,7.0,30.0,4,Type2 AC,Gachibowli,13,4,0,40.6,0.505,53.0,4.1,2W,130.0,1.75,0
VG-SES-022857,2.0,60.0,2,CCS2,Gachibowli,14,1,0,28.5,0.556,42.7,3.4,2W,109.0,1.6,0
VG-SES-033884,2.0,15.0,1,Type2 AC,Kukatpally,22,5,1,18.3,0.534,63.7,72.5,4W,173.0,3.47,0
VG-SES-008290,6.0,30.0,3,Type2 AC,Madhapur,21,1,0,24.4,0.767,54.3,54.5,4W,692.0,21.23,0
VG-SES-010974,2.0,180.0,8,CHAdeMO,Madhapur,11,4,0,36.8,0.525,53.4,3.9,2W,52.0,0.89,0
VG-SES-020875,5.0,180.0,5,CHAdeMO,Gachibowli,22,2,0,28.0,0.647,13.6,57.1,4W,16.0,0.0,1
VG-SES-025756,7.0,30.0,2,Bharat AC-001,Kukatpally,19,1,0,30.6,0.817,26.6,2.4,2W,401.0,1.27,0
VG-SES-033518,5.0,30.0,1,Type2 AC,Secunderabad,2,1,0,18.8,0.423,53.5,26.6,4W,225.0,12.01,0
VG-SES-011975,5.0,180.0,5,CHAdeMO,Gachibowli,19,2,0,37.5,0.766,46.3,3.3,2W,26.0,0.0,1
VG-SES-036223,4.0,60.0,3,Type2 AC,Madhapur,16,0,0,24.1,0.624,30.5,35.5,4W,129.0,24.66,0
VG-SES-017911,6.0,30.0,4,Bharat DC-001,Uppal,15,6,1,41.1,0.522,33.6,41.7,4W,182.0,8.88,0
VG-SES-033216,5.0,180.0,5,CHAdeMO,Gachibowli,19,4,0,34.2,0.804,29.9,37.8,4W,17.0,1.95,0
VG-SES-001296,4.0,30.0,4,Bharat AC-001,Gachibowli,21,5,1,21.0,0.766,61.5,54.5,4W,215.0,9.86,0
VG-SES-014708,2.0,15.0,1,Type2 AC,Kukatpally,0,1,0,16.1,0.438,29.0,2.4,2W,285.0,1.04,0
VG-SES-037292,7.0,30.0,2,Bharat AC-001,Kukatpally,22,4,0,20.1,0.658,64.5,41.7,4W,900.0,8.9,0
VG-SES-010483,3.0,150.0,5,CCS2,Kukatpally,18,6,1,28.1,0.767,68.2,72.2,4W,39.0,19.45,0
VG-SES-000809,3.0,30.0,2,Type2 AC,Secunderabad,8,2,0,19.8,0.646,48.2,2.9,2W,195.0,1.43,0
VG-SES-002867,5.0,180.0,5,CHAdeMO,Gachibowli,19,6,1,36.8,0.773,33.5,10.5,3W,13.0,0.6,0
VG-SES-018638,7.0,120.0,7,CCS2,Madhapur,7,4,0,15.6,0.7,16.9,57.9,4W,30.0,0.96,0
VG-SES-023863,5.0,60.0,3,CCS2,Kukatpally,14,5,1,24.0,0.467,45.8,2.3,2W,148.0,0.49,0
VG-SES-011199,5.0,60.0,3,CCS2,Kukatpally,16,5,1,35.4,0.548,17.6,51.5,4W,146.0,33.32,0
VG-SES-017313,3.0,150.0,5,CCS2,Kukatpally,22,6,1,36.1,0.705,39.6,66.1,4W,33.0,13.93,0
VG-SES-026964,5.0,30.0,1,Type2 AC,Secunderabad,20,2,0,38.3,0.828,31.7,33.3,4W,313.0,6.77,0
VG-SES-004704,5.0,30.0,1,Type2 AC,Secunderabad,21,0,0,24.5,0.689,17.4,25.7,4W,604.0,5.8,0
VG-SES-016688,6.0,30.0,4,Bharat DC-001,Uppal,17,6,1,36.5,0.677,59.7,10.0,3W,96.0,3.48,0
VG-SES-028682,2.0,60.0,2,CCS2,Gachibowli,10,2,0,31.9,0.63,58.6,2.3,2W,142.0,0.0,1
VG-SES-014964,2.0,180.0,8,CHAdeMO,Madhapur,8,1,0,23.3,0.63,26.5,49.7,4W,19.0,6.41,0
VG-SES-031784,6.0,30.0,3,Type2 AC,Madhapur,21,0,0,21.0,0.818,25.1,48.0,4W,532.0,3.23,0
VG-SES-000801,2.0,60.0,2,CCS2,Gachibowli,16,3,0,32.5,0.67,64.3,2.8,2W,176.0,0.9,0
VG-SES-013078,7.0,30.0,4,Type2 AC,Gachibowli,9,2,0,24.0,0.651,45.2,276.5,Bus,119.0,56.75,0
VG-SES-020305,2.0,60.0,2,CCS2,Gachibowli,16,2,0,30.9,0.591,21.7,46.0,4W,255.0,17.06,0
VG-SES-003979,7.0,120.0,7,CCS2,Madhapur,19,5,1,35.1,0.859,61.5,3.0,2W,54.0,0.68,0
VG-SES-010858,5.0,180.0,5,CHAdeMO,Gachibowli,20,5,1,33.3,0.732,44.7,3.1,2W,31.0,0.0,1
VG-SES-009979,3.0,150.0,5,CCS2,Kukatpally,22,0,0,20.4,0.664,43.4,2.2,2W,33.0,0.32,0
VG-SES-000921,2.0,180.0,8,CHAdeMO,Madhapur,13,3,0,39.1,0.504,61.0,6.6,3W,37.0,0.95,0
VG-SES-012331,3.0,150.0,5,CCS2,Kukatpally,21,1,0,24.0,0.743,63.9,3.3,2W,52.0,0.69,0
VG-SES-033593,4.0,60.0,3,Type2 AC,Madhapur,17,5,1,41.6,0.602,35.1,33.6,4W,174.0,16.04,0
VG-SES-018685,3.0,150.0,5,CCS2,Kukatpally,20,4,0,37.4,0.779,59.5,28.1,4W,31.0,5.35,0
VG-SES-017036,2.0,15.0,1,Type2 AC,Kukatpally,1,0,0,16.6,0.551,35.8,8.3,3W,315.0,3.06,0
VG-SES-012177,5.0,180.0,5,CHAdeMO,Gachibowli,8,1,0,29.9,0.602,26.9,63.0,4W,36.0,15.3,0
VG-SES-028697,4.0,60.0,3,Type2 AC,Madhapur,8,5,1,20.8,0.618,53.6,7.6,3W,157.0,3.21,0
VG-SES-028294,4.0,150.0,3,CCS2,Uppal,8,4,0,30.3,0.642,37.9,3.8,2W,30.0,0.49,0
VG-SES-013964,2.0,15.0,1,Type2 AC,Kukatpally,19,4,0,36.5,0.819,76.2,2.3,2W,346.0,0.48,0
VG-SES-041092,5.0,180.0,5,CHAdeMO,Gachibowli,22,5,1,25.9,0.615,52.9,27.9,4W,29.0,5.98,0
VG-SES-015198,5.0,180.0,5,CHAdeMO,Gachibowli,11,0,0,28.9,0.546,56.9,10.0,3W,12.0,0.46,0
VG-SES-023544,2.0,180.0,8,CHAdeMO,Madhapur,21,2,0,26.2,0.806,17.9,42.7,4W,34.0,8.94,0
VG-SES-036530,7.0,30.0,2,Bharat AC-001,Kukatpally,21,0,0,21.0,0.761,75.6,2.3,2W,464.0,0.0,1
VG-SES-006373,6.0,150.0,4,GB/T,Secunderabad,22,6,1,15.1,0.676,12.1,2.5,2W,27.0,0.12,0
VG-SES-025268,7.0,120.0,7,CCS2,Madhapur,7,5,1,36.3,0.52,56.9,2.5,2W,28.0,0.3,0
VG-SES-014945,5.0,60.0,3,CCS2,Kukatpally,8,1,0,32.6,0.569,61.8,6.7,3W,67.0,1.98,0
VG-SES-013429,5.0,180.0,5,CHAdeMO,Gachibowli,19,1,0,36.2,0.784,49.8,2.5,2W,19.0,0.21,0
VG-SES-041403,7.0,30.0,4,Type2 AC,Gachibowli,9,5,1,31.8,0.592,69.0,40.5,4W,194.0,11.22,0
VG-SES-033191,4.0,150.0,3,CCS2,Uppal,6,3,0,21.9,0.568,27.0,3.1,2W,17.0,0.23,0
VG-SES-024135,5.0,180.0,5,CHAdeMO,Gachibowli,18,4,0,36.9,0.768,33.7,8.1,3W,44.0,1.56,0
VG-SES-001810,4.0,30.0,4,Bharat AC-001,Gachibowli,6,6,1,31.7,0.477,20.6,10.6,3W,201.0,0.51,0
VG-SES-044027,5.0,30.0,1,Type2 AC,Secunderabad,0,0,0,18.3,0.593,34.4,272.8,Bus,254.0,85.7,0
VG-SES-031682,4.0,150.0,3,CCS2,Uppal,7,6,1,32.4,0.558,49.2,7.5,3W,24.0,0.82,0
VG-SES-034889,5.0,30.0,1,Type2 AC,Secunderabad,6,3,0,31.6,0.535,29.0,2.6,2W,285.0,0.36,0
VG-SES-040311,7.0,30.0,2,Bharat AC-001,Kukatpally,22,5,1,22.3,0.632,46.3,26.0,4W,455.0,9.01,0
VG-SES-007084,6.0,30.0,4,Bharat DC-001,Uppal,15,0,0,28.9,0.596,30.5,61.2,4W,168.0,36.76,0
VG-SES-014639,3.0,150.0,5,CCS2,Kukatpally,11,6,1,26.2,0.493,31.3,74.7,4W,27.0,14.37,0
VG-SES-034521,6.0,150.0,4,GB/T,Secunderabad,18,2,0,23.7,0.814,65.3,11.6,3W,19.0,0.0,1
VG-SES-043372,2.0,60.0,2,CCS2,Gachibowli,16,6,1,33.3,0.588,29.6,60.8,4W,91.0,40.22,0
VG-SES-033991,5.0,60.0,3,CCS2,Kukatpally,15,1,0,32.3,0.503,42.8,7.8,3W,100.0,1.02,0
VG-SES-044936,2.0,180.0,8,CHAdeMO,Madhapur,21,6,1,23.6,0.677,12.2,9.7,3W,35.0,1.59,0
VG-SES-014620,2.0,15.0,1,Type2 AC,Kukatpally,0,2,0,33.8,0.601,35.9,61.6,4W,887.0,28.76,0
VG-SES-002829,2.0,180.0,8,CHAdeMO,Madhapur,20,5,1,21.5,0.732,44.6,3.3,2W,22.0,0.07,0
VG-SES-018305,7.0,30.0,4,Type2 AC,Gachibowli,11,3,0,35.4,0.663,29.1,2.7,2W,95.0,0.98,0
VG-SES-038446,6.0,150.0,4,GB/T,Secunderabad,11,6,1,34.7,0.556,62.5,11.5,3W,29.0,0.0,1
VG-SES-034064,3.0,150.0,5,CCS2,Kukatpally,18,5,1,32.1,0.792,26.4,3.0,2W,50.0,0.24,0
VG-SES-009402,6.0,150.0,4,GB/T,Secunderabad,8,2,0,33.1,0.576,52.4,4.3,2W,35.0,0.0,1
VG-SES-041342,4.0,30.0,4,Bharat AC-001,Gachibowli,23,2,0,17.4,0.588,49.0,46.6,4W,418.0,14.27,0
VG-SES-044805,7.0,30.0,4,Type2 AC,Gachibowli,8,6,1,33.8,0.559,45.7,3.8,2W,82.0,0.92,0
VG-SES-004599,2.0,180.0,8,CHAdeMO,Madhapur,20,2,0,18.9,0.799,33.0,64.6,4W,34.0,15.74,0
VG-SES-038772,5.0,30.0,1,Type2 AC,Secunderabad,21,1,0,31.0,0.733,40.5,4.3,2W,612.0,1.8,0
VG-SES-025239,6.0,30.0,4,Bharat DC-001,Uppal,14,3,0,39.5,0.516,21.2,2.2,2W,252.0,1.21,0
VG-SES-007171,7.0,30.0,4,Type2 AC,Gachibowli,9,3,0,32.6,0.62,33.3,10.6,3W,54.0,2.32,0
VG-SES-031463,5.0,180.0,5,CHAdeMO,Gachibowli,21,6,1,21.0,0.771,18.7,2.6,2W,18.0,0.0,1
VG-SES-011726,5.0,180.0,5,CHAdeMO,Gachibowli,6,2,0,25.7,0.578,23.1,64.5,4W,33.0,12.88,0
VG-SES-013693,3.0,150.0,5,CCS2,Kukatpally,13,5,1,27.8,0.485,21.0,3.0,2W,42.0,0.2,0
VG-SES-017426,5.0,60.0,3,CCS2,Kukatpally,9,1,0,19.4,0.642,53.9,3.1,2W,133.0,1.52,0
VG-SES-016822,5.0,60.0,3,CCS2,Kukatpally,9,1,0,23.5,0.671,57.0,8.4,3W,192.0,0.79,0
VG-SES-044294,5.0,60.0,3,CCS2,Kukatpally,14,0,0,41.9,0.589,58.2,278.7,Bus,166.0,103.53,0
VG-SES-035001,7.0,30.0,4,Type2 AC,Gachibowli,16,3,0,31.4,0.589,62.2,10.4,3W,57.0,2.61,0
VG-SES-025463,5.0,30.0,1,Type2 AC,Secunderabad,19,6,1,27.8,0.715,55.1,9.6,3W,330.0,4.14,0
VG-SES-003659,6.0,30.0,4,Bharat DC-001,Uppal,9,3,0,18.7,0.678,18.9,2.5,2W,220.0,0.51,0
VG-SES-033263,5.0,30.0,1,Type2 AC,Secunderabad,22,4,0,22.1,0.669,42.2,258.8,Bus,423.0,82.51,0
VG-SES-033073,4.0,60.0,3,Type2 AC,Madhapur,13,2,0,36.3,0.5,46.1,12.0,3W,138.0,3.12,0
VG-SES-001868,3.0,30.0,1,Bharat AC-001,Uppal,23,4,0,31.0,0.618,65.0,27.3,4W,604.0,9.39,0
VG-SES-021006,7.0,30.0,4,Type2 AC,Gachibowli,13,2,0,42.0,0.575,64.2,2.2,2W,96.0,0.1,0
VG-SES-017898,6.0,30.0,3,Type2 AC,Madhapur,1,1,0,25.7,0.471,27.6,4.4,2W,250.0,2.93,0
VG-SES-041409,5.0,60.0,3,CCS2,Kukatpally,15,2,0,27.8,0.608,32.1,7.9,3W,314.0,1.28,0
VG-SES-015237,4.0,60.0,3,Type2 AC,Madhapur,8,5,1,31.2,0.58,26.4,7.3,3W,112.0,1.25,0
VG-SES-001735,6.0,30.0,4,Bharat DC-001,Uppal,11,2,0,27.4,0.56,59.2,2.2,2W,183.0,0.79,0
VG-SES-017444,3.0,30.0,1,Bharat AC-001,Uppal,19,0,0,25.8,0.779,24.5,3.9,2W,540.0,1.0,0
VG-SES-015245,7.0,30.0,2,Bharat AC-001,Kukatpally,23,1,0,29.5,0.564,47.1,4.0,2W,341.0,0.33,0
VG-SES-044667,4.0,30.0,4,Bharat AC-001,Gachibowli,22,1,0,26.6,0.639,25.2,2.7,2W,374.0,0.84,0
VG-SES-036251,6.0,30.0,4,Bharat DC-001,Uppal,11,2,0,24.5,0.643,37.4,29.8,4W,73.0,14.93,0
VG-SES-030431,4.0,150.0,3,CCS2,Uppal,20,4,0,37.3,0.811,49.8,4.1,2W,34.0,0.57,0
VG-SES-029435,3.0,150.0,5,CCS2,Kukatpally,21,5,1,32.8,0.67,59.5,217.4,Bus,42.0,43.62,0
VG-SES-018770,6.0,150.0,4,GB/T,Secunderabad,20,2,0,35.9,0.873,46.1,11.6,3W,25.0,1.25,0
VG-SES-038806,3.0,150.0,5,CCS2,Kukatpally,11,1,0,39.4,0.639,43.5,4.3,2W,39.0,0.62,0
VG-SES-032486,3.0,150.0,5,CCS2,Kukatpally,11,6,1,30.3,0.522,53.5,2.6,2W,24.0,0.28,0
VG-SES-011290,2.0,60.0,2,CCS2,Gachibowli,13,6,1,22.6,0.445,71.0,30.9,4W,143.0,1.38,0
VG-SES-038496,4.0,60.0,3,Type2 AC,Madhapur,15,1,0,25.1,0.613,45.6,49.2,4W,199.0,25.48,0
VG-SES-018191,7.0,120.0,7,CCS2,Madhapur,22,1,0,30.4,0.778,76.8,2.7,2W,38.0,0.12,0
VG-SES-012321,2.0,15.0,1,Type2 AC,Kukatpally,1,0,0,31.5,0.444,17.4,212.4,Bus,367.0,90.43,0
VG-SES-008393,4.0,150.0,3,CCS2,Uppal,6,6,1,17.1,0.426,45.1,186.3,Bus,28.0,23.32,0
VG-SES-000962,3.0,30.0,2,Type2 AC,Secunderabad,10,2,0,17.9,0.566,51.6,3.7,2W,157.0,1.69,0
VG-SES-039881,2.0,15.0,1,Type2 AC,Kukatpally,21,1,0,24.7,0.777,67.5,58.6,4W,598.0,17.32,0
VG-SES-029929,7.0,30.0,2,Bharat AC-001,Kukatpally,0,5,1,16.6,0.382,46.6,4.0,2W,427.0,0.76,0
VG-SES-026618,3.0,150.0,5,CCS2,Kukatpally,12,0,0,41.5,0.593,40.4,2.1,2W,31.0,0.29,0
VG-SES-002532,5.0,180.0,5,CHAdeMO,Gachibowli,8,6,1,27.3,0.577,19.7,52.6,4W,29.0,9.34,0
VG-SES-017423,5.0,60.0,3,CCS2,Kukatpally,16,5,1,38.6,0.558,52.1,240.4,Bus,92.0,84.96,0
VG-SES-041896,5.0,60.0,3,CCS2,Kukatpally,15,6,1,31.7,0.49,67.6,2.8,2W,108.0,0.79,0
VG-SES-000792,7.0,30.0,4,Type2 AC,Gachibowli,13,3,0,34.5,0.575,54.2,4.2,2W,106.0,1.89,0
VG-SES-001501,4.0,150.0,3,CCS2,Uppal,19,5,1,24.8,0.769,22.6,68.8,4W,45.0,21.34,0
VG-SES-001468,4.0,150.0,3,CCS2,Uppal,20,4,0,29.1,0.913,17.1,2.7,2W,56.0,0.73,0
VG-SES-039964,3.0,30.0,1,Bharat AC-001,Uppal,23,3,0,18.8,0.652,59.9,2.2,2W,744.0,0.81,0
VG-SES-010712,2.0,180.0,8,CHAdeMO,Madhapur,20,0,0,27.9,0.82,41.8,4.4,2W,25.0,0.48,0
VG-SES-036142,6.0,30.0,3,Type2 AC,Madhapur,23,0,0,24.4,0.629,20.0,62.9,4W,670.0,0.0,1
VG-SES-040153,5.0,60.0,3,CCS2,Kukatpally,15,2,0,33.2,0.496,72.0,33.8,4W,201.0,8.36,0
VG-SES-028626,5.0,180.0,5,CHAdeMO,Gachibowli,7,0,0,25.0,0.626,15.3,6.3,3W,37.0,0.94,0
VG-SES-004773,2.0,180.0,8,CHAdeMO,Madhapur,7,1,0,33.5,0.601,44.9,47.3,4W,37.0,11.65,0
VG-SES-005965,6.0,30.0,4,Bharat DC-001,Uppal,17,1,0,32.2,0.729,52.2,3.3,2W,224.0,1.5,0
VG-SES-030115,7.0,30.0,4,Type2 AC,Gachibowli,11,2,0,37.2,0.596,50.1,8.5,4W,109.0,2.42,0
VG-SES-015877,7.0,120.0,7,CCS2,Madhapur,18,0,0,24.5,0.75,63.4,63.0,4W,34.0,16.42,0
VG-SES-034805,2.0,15.0,1,Type2 AC,Kukatpally,22,1,0,27.7,0.649,56.1,9.7,3W,528.0,2.83,0
VG-SES-011244,6.0,30.0,4,Bharat DC-001,Uppal,9,3,0,31.7,0.67,68.2,2.9,2W,146.0,0.17,0
VG-SES-044016,7.0,30.0,2,Bharat AC-001,Kukatpally,22,0,0,34.8,0.716,14.7,3.0,2W,249.0,0.75,0
VG-SES-024580,6.0,150.0,4,GB/T,Secunderabad,12,1,0,33.4,0.626,30.0,53.7,4W,75.0,25.85,0
VG-SES-017613,2.0,60.0,2,CCS2,Gachibowli,17,1,0,29.3,0.621,63.7,2.5,2W,96.0,0.62,0
VG-SES-042069,6.0,30.0,3,Type2 AC,Madhapur,5,6,1,31.3,0.471,57.3,2.8,2W,412.0,0.31,0
VG-SES-033673,4.0,60.0,3,Type2 AC,Madhapur,10,3,0,21.0,0.61,54.8,2.3,2W,126.0,0.94,0
VG-SES-025772,7.0,30.0,4,Type2 AC,Gachibowli,8,2,0,20.5,0.611,51.5,3.0,2W,161.0,1.38,0
VG-SES-008652,6.0,30.0,3,Type2 AC,Madhapur,1,4,0,27.6,0.486,39.2,3.9,2W,254.0,1.9,0
VG-SES-021671,7.0,30.0,2,Bharat AC-001,Kukatpally,23,5,1,26.1,0.562,53.9,2.6,2W,473.0,1.19,0
VG-SES-033420,5.0,180.0,5,CHAdeMO,Gachibowli,21,5,1,28.6,0.689,23.3,8.4,3W,42.0,1.53,0
VG-SES-007633,6.0,30.0,3,Type2 AC,Madhapur,21,1,0,31.9,0.857,45.8,63.8,4W,390.0,38.02,0
VG-SES-025800,5.0,60.0,3,CCS2,Kukatpally,14,4,0,36.3,0.528,20.9,2.1,2W,58.0,0.49,0
VG-SES-022348,7.0,30.0,4,Type2 AC,Gachibowli,13,6,1,31.1,0.515,31.6,253.2,Bus,160.0,51.15,0
VG-SES-038169,4.0,60.0,3,Type2 AC,Madhapur,15,4,0,38.2,0.473,58.9,10.6,3W,231.0,4.11,0
VG-SES-009216,4.0,60.0,3,Type2 AC,Madhapur,8,5,1,30.4,0.615,27.1,57.2,4W,161.0,31.62,0
VG-SES-026215,3.0,30.0,2,Type2 AC,Secunderabad,17,6,1,24.1,0.581,40.3,2.4,2W,255.0,1.51,0
VG-SES-027059,6.0,30.0,4,Bharat DC-001,Uppal,16,4,0,32.4,0.624,57.8,3.9,2W,191.0,0.0,1
VG-SES-026125,7.0,120.0,7,CCS2,Madhapur,7,2,0,25.3,0.639,23.2,3.5,2W,22.0,0.33,0
VG-SES-015183,5.0,60.0,3,CCS2,Kukatpally,16,1,0,33.0,0.592,52.5,57.1,4W,207.0,26.97,0
VG-SES-033748,6.0,30.0,4,Bharat DC-001,Uppal,15,1,0,38.7,0.588,72.0,31.6,4W,60.0,8.62,0
VG-SES-003716,4.0,150.0,3,CCS2,Uppal,8,2,0,16.6,0.6,70.4,60.7,4W,39.0,15.16,0
VG-SES-037916,4.0,150.0,3,CCS2,Uppal,8,3,0,35.8,0.614,26.4,59.4,4W,30.0,11.77,0
VG-SES-029590,7.0,30.0,4,Type2 AC,Gachibowli,9,6,1,20.4,0.624,12.8,42.5,4W,199.0,1.95,0
VG-SES-034264,3.0,30.0,1,Bharat AC-001,Uppal,1,6,1,31.2,0.484,65.1,11.4,3W,294.0,0.74,0
VG-SES-005650,6.0,150.0,4,GB/T,Secunderabad,20,0,0,34.5,0.804,45.2,28.4,4W,35.0,7.39,0
VG-SES-000385,7.0,120.0,7,CCS2,Madhapur,22,2,0,19.7,0.74,24.4,219.5,Bus,56.0,5.71,0
VG-SES-033925,4.0,60.0,3,Type2 AC,Madhapur,14,3,0,33.4,0.521,37.6,9.5,3W,141.0,5.04,0
VG-SES-039827,7.0,30.0,2,Bharat AC-001,Kukatpally,2,0,0,21.6,0.526,45.0,38.0,4W,335.0,2.68,0
VG-SES-025486,5.0,30.0,1,Type2 AC,Secunderabad,2,2,0,21.4,0.502,24.7,58.4,4W,254.0,27.93,0
VG-SES-025407,5.0,180.0,5,CHAdeMO,Gachibowli,21,4,0,20.6,0.778,48.6,3.7,2W,21.0,0.33,0
VG-SES-013600,7.0,30.0,4,Type2 AC,Gachibowli,8,6,1,20.1,0.6,21.9,3.9,2W,192.0,0.0,1
VG-SES-003661,7.0,30.0,2,Bharat AC-001,Kukatpally,20,5,1,33.6,0.726,25.4,3.1,2W,489.0,1.67,0
VG-SES-034350,7.0,30.0,2,Bharat AC-001,Kukatpally,20,1,0,22.7,0.781,23.3,2.3,2W,356.0,0.68,0
VG-SES-004264,3.0,150.0,5,CCS2,Kukatpally,18,1,0,33.0,0.729,23.1,29.0,4W,39.0,7.95,0
VG-SES-026862,4.0,150.0,3,CCS2,Uppal,12,3,0,28.4,0.581,27.4,3.9,2W,37.0,0.64,0
VG-SES-009168,4.0,150.0,3,CCS2,Uppal,8,3,0,28.5,0.533,35.9,3.8,2W,43.0,0.68,0
VG-SES-029148,3.0,30.0,1,Bharat AC-001,Uppal,0,6,1,24.8,0.453,46.9,3.0,2W,611.0,1.26,0
VG-SES-031111,3.0,30.0,1,Bharat AC-001,Uppal,23,2,0,27.8,0.518,20.6,3.3,2W,395.0,0.21,0
VG-SES-036443,7.0,120.0,7,CCS2,Madhapur,22,1,0,29.5,0.682,54.1,26.5,4W,50.0,8.34,0
VG-SES-017799,2.0,60.0,2,CCS2,Gachibowli,9,0,0,23.5,0.649,72.6,3.2,2W,141.0,0.81,0
VG-SES-014302,7.0,120.0,7,CCS2,Madhapur,19,3,0,35.5,0.831,66.9,7.4,3W,39.0,0.0,1
VG-SES-039804,2.0,180.0,8,CHAdeMO,Madhapur,19,4,0,38.0,0.872,26.8,27.4,4W,37.0,6.27,0
VG-SES-017655,4.0,150.0,3,CCS2,Uppal,11,2,0,28.6,0.606,36.2,8.6,3W,30.0,1.14,0
VG-SES-021411,6.0,30.0,3,Type2 AC,Madhapur,23,0,0,28.5,0.664,17.3,27.9,4W,571.0,3.91,0
VG-SES-018536,6.0,30.0,3,Type2 AC,Madhapur,22,1,0,31.4,0.71,20.4,9.3,3W,333.0,3.06,0
VG-SES-035796,6.0,30.0,3,Type2 AC,Madhapur,20,4,0,28.1,0.795,23.4,4.3,2W,679.0,0.23,0
VG-SES-004388,5.0,30.0,1,Type2 AC,Secunderabad,21,2,0,22.3,0.782,22.7,39.3,4W,224.0,14.97,0
VG-SES-026398,2.0,180.0,8,CHAdeMO,Madhapur,7,1,0,20.9,0.624,52.5,219.8,Bus,16.0,16.98,0
VG-SES-019252,3.0,30.0,1,Bharat AC-001,Uppal,1,4,0,19.7,0.488,42.6,2.7,2W,394.0,1.66,0
VG-SES-000814,2.0,15.0,1,Type2 AC,Kukatpally,0,3,0,28.0,0.514,51.5,310.9,Bus,469.0,75.44,0
VG-SES-012645,6.0,150.0,4,GB/T,Secunderabad,13,6,1,40.7,0.514,29.5,10.0,3W,26.0,1.06,0
VG-SES-009353,4.0,30.0,4,Bharat AC-001,Gachibowli,21,2,0,37.8,0.78,28.7,6.6,3W,553.0,4.13,0
VG-SES-023074,3.0,150.0,5,CCS2,Kukatpally,19,6,1,42.9,0.776,32.8,4.4,2W,35.0,0.12,0
VG-SES-005524,2.0,180.0,8,CHAdeMO,Madhapur,11,3,0,27.2,0.557,43.3,3.0,2W,23.0,0.11,0
VG-SES-002481,5.0,180.0,5,CHAdeMO,Gachibowli,8,5,1,20.2,0.586,21.8,59.7,4W,37.0,14.74,0
VG-SES-044288,3.0,30.0,2,Type2 AC,Secunderabad,16,3,0,22.8,0.617,77.1,255.2,Bus,199.0,50.61,0
VG-SES-012915,4.0,60.0,3,Type2 AC,Madhapur,13,0,0,41.3,0.506,15.6,9.7,3W,162.0,3.53,0
VG-SES-042118,5.0,30.0,1,Type2 AC,Secunderabad,21,6,1,32.1,0.74,28.0,44.8,4W,900.0,17.22,0
VG-SES-012820,7.0,30.0,4,Type2 AC,Gachibowli,15,4,0,37.8,0.579,55.0,39.3,4W,273.0,16.61,0
VG-SES-032251,5.0,180.0,5,CHAdeMO,Gachibowli,7,2,0,16.4,0.555,34.3,42.7,4W,31.0,0.0,1
VG-SES-002435,5.0,180.0,5,CHAdeMO,Gachibowli,19,0,0,21.7,0.861,37.9,7.1,3W,27.0,0.0,1
VG-SES-033956,7.0,30.0,4,Type2 AC,Gachibowli,16,0,0,33.0,0.629,37.3,2.2,2W,213.0,0.05,0
VG-SES-016599,7.0,30.0,2,Bharat AC-001,Kukatpally,23,6,1,24.6,0.546,66.3,8.0,3W,498.0,2.75,0
VG-SES-010859,3.0,30.0,2,Type2 AC,Secunderabad,9,4,0,19.2,0.601,55.7,9.9,3W,182.0,4.03,0
VG-SES-027457,7.0,30.0,2,Bharat AC-001,Kukatpally,1,2,0,27.6,0.5,59.2,31.9,4W,678.0,10.69,0
VG-SES-011954,2.0,180.0,8,CHAdeMO,Madhapur,11,1,0,21.5,0.607,16.0,2.4,2W,11.0,0.15,0
VG-SES-027907,4.0,150.0,3,CCS2,Uppal,20,0,0,21.8,0.787,50.1,8.4,3W,42.0,1.47,0
VG-SES-008726,7.0,120.0,7,CCS2,Madhapur,20,2,0,24.0,0.799,21.9,3.7,2W,26.0,0.45,0
VG-SES-038877,5.0,180.0,5,CHAdeMO,Gachibowli,6,5,1,18.8,0.637,27.1,54.5,4W,35.0,13.73,0
VG-SES-017849,2.0,60.0,2,CCS2,Gachibowli,11,2,0,23.0,0.638,61.7,54.3,4W,107.0,18.48,0
VG-SES-031007,6.0,30.0,3,Type2 AC,Madhapur,5,2,0,31.9,0.562,40.8,45.7,4W,171.0,24.08,0
VG-SES-003385,2.0,180.0,8,CHAdeMO,Madhapur,20,5,1,42.0,0.741,69.9,65.0,4W,23.0,0.0,1
VG-SES-033007,7.0,30.0,2,Bharat AC-001,Kukatpally,1,5,1,19.8,0.449,19.3,2.0,2W,477.0,0.93,0
VG-SES-008077,5.0,30.0,1,Type2 AC,Secunderabad,0,4,0,16.2,0.497,15.4,4.0,2W,420.0,1.2,0
VG-SES-010371,5.0,30.0,1,Type2 AC,Secunderabad,20,4,0,33.2,0.801,9.6,2.5,2W,446.0,1.51,0
VG-SES-035971,7.0,120.0,7,CCS2,Madhapur,20,2,0,37.0,0.764,54.7,2.1,2W,37.0,0.33,0
VG-SES-028955,3.0,150.0,5,CCS2,Kukatpally,19,4,0,35.0,0.854,13.8,2.7,2W,28.0,0.16,0
VG-SES-026786,7.0,120.0,7,CCS2,Madhapur,19,6,1,39.7,0.765,44.0,35.3,4W,28.0,6.95,0
VG-SES-009109,2.0,60.0,2,CCS2,Gachibowli,9,0,0,31.3,0.672,46.0,4.4,2W,87.0,1.75,0
VG-SES-030761,2.0,180.0,8,CHAdeMO,Madhapur,12,6,1,35.2,0.486,51.3,6.9,3W,50.0,0.19,0
VG-SES-042890,2.0,180.0,8,CHAdeMO,Madhapur,11,0,0,30.6,0.622,85.2,8.0,3W,13.0,0.4,0
VG-SES-033663,2.0,180.0,8,CHAdeMO,Madhapur,19,6,1,30.9,0.812,49.5,2.6,2W,37.0,0.4,0
VG-SES-044303,6.0,30.0,4,Bharat DC-001,Uppal,9,4,0,27.0,0.655,15.6,9.1,3W,117.0,4.51,0
VG-SES-030403,6.0,30.0,3,Type2 AC,Madhapur,5,4,0,26.4,0.559,43.3,259.4,Bus,408.0,139.02,0
VG-SES-004061,5.0,180.0,5,CHAdeMO,Gachibowli,19,3,0,29.0,0.823,20.9,2.8,2W,25.0,0.3,0
VG-SES-006063,5.0,30.0,1,Type2 AC,Secunderabad,5,6,1,31.2,0.431,33.1,3.3,2W,262.0,0.9,0
VG-SES-003625,2.0,60.0,2,CCS2,Gachibowli,15,0,0,29.8,0.524,47.4,300.9,Bus,136.0,105.97,0
VG-SES-031933,7.0,30.0,4,Type2 AC,Gachibowli,9,5,1,33.0,0.568,29.9,40.8,4W,163.0,0.96,0
VG-SES-020938,3.0,30.0,1,Bharat AC-001,Uppal,21,3,0,25.3,0.729,55.1,67.6,4W,337.0,30.61,0
VG-SES-033914,6.0,30.0,4,Bharat DC-001,Uppal,8,0,0,28.2,0.643,24.2,2.8,2W,133.0,1.51,0
VG-SES-017284,7.0,120.0,7,CCS2,Madhapur,7,5,1,21.4,0.484,16.1,4.3,2W,42.0,0.77,0
VG-SES-017833,7.0,30.0,4,Type2 AC,Gachibowli,9,1,0,39.7,0.716,60.5,9.9,3W,71.0,3.01,0
VG-SES-021117,4.0,60.0,3,Type2 AC,Madhapur,11,5,1,25.7,0.557,52.5,9.7,3W,182.0,1.44,0
VG-SES-027275,5.0,30.0,1,Type2 AC,Secunderabad,20,6,1,22.5,0.794,47.5,4.5,2W,291.0,2.28,0
VG-SES-034611,6.0,150.0,4,GB/T,Secunderabad,18,2,0,25.8,0.774,21.6,26.3,4W,39.0,1.48,0
VG-SES-006564,3.0,150.0,5,CCS2,Kukatpally,19,3,0,34.5,0.764,25.9,3.0,2W,8.0,0.15,0
VG-SES-004627,7.0,30.0,4,Type2 AC,Gachibowli,16,6,1,36.7,0.616,16.7,62.9,4W,81.0,19.9,0
VG-SES-008686,5.0,60.0,3,CCS2,Kukatpally,16,3,0,31.5,0.584,28.5,65.0,4W,233.0,35.65,0
VG-SES-043337,3.0,150.0,5,CCS2,Kukatpally,18,6,1,37.7,0.757,24.5,54.0,4W,27.0,0.0,1
VG-SES-043365,6.0,30.0,3,Type2 AC,Madhapur,23,6,1,19.1,0.574,46.0,60.8,4W,511.0,32.13,0
VG-SES-022858,5.0,60.0,3,CCS2,Kukatpally,8,6,1,25.9,0.632,29.0,7.4,3W,39.0,1.21,0
VG-SES-033838,7.0,30.0,4,Type2 AC,Gachibowli,15,3,0,30.6,0.533,34.7,4.0,2W,215.0,0.44,0
VG-SES-036314,4.0,60.0,3,Type2 AC,Madhapur,16,4,0,29.4,0.637,17.4,3.2,2W,177.0,1.14,0
VG-SES-011755,7.0,120.0,7,CCS2,Madhapur,8,2,0,29.7,0.641,33.8,3.5,2W,23.0,0.12,0
VG-SES-032255,2.0,180.0,8,CHAdeMO,Madhapur,11,4,0,34.1,0.573,61.4,32.3,4W,42.0,6.74,0
VG-SES-020805,7.0,30.0,2,Bharat AC-001,Kukatpally,21,3,0,38.7,0.789,21.0,4.0,2W,345.0,0.55,0
VG-SES-009335,7.0,30.0,4,Type2 AC,Gachibowli,15,5,1,33.9,0.513,31.1,55.7,4W,202.0,14.54,0
VG-SES-008484,7.0,120.0,7,CCS2,Madhapur,19,2,0,30.2,0.779,35.3,56.7,4W,20.0,0.0,1
VG-SES-014524,3.0,30.0,1,Bharat AC-001,Uppal,21,3,0,32.9,0.744,56.3,8.0,3W,279.0,2.77,0
VG-SES-005065,6.0,30.0,4,Bharat DC-001,Uppal,16,1,0,37.4,0.611,64.6,9.9,3W,196.0,3.38,0
VG-SES-015950,7.0,30.0,2,Bharat AC-001,Kukatpally,21,5,1,30.7,0.704,61.5,3.8,2W,628.0,1.2,0
VG-SES-012026,2.0,180.0,8,CHAdeMO,Madhapur,22,3,0,23.6,0.652,51.9,8.4,3W,33.0,1.09,0
VG-SES-013549,2.0,180.0,8,CHAdeMO,Madhapur,12,0,0,26.8,0.526,19.9,259.4,Bus,11.0,14.24,0
VG-SES-006586,3.0,30.0,2,Type2 AC,Secunderabad,17,6,1,26.4,0.613,40.8,36.0,4W,64.0,6.89,0
VG-SES-043420,2.0,15.0,1,Type2 AC,Kukatpally,23,1,0,23.1,0.598,20.4,26.9,4W,462.0,8.32,0
VG-SES-006543,2.0,15.0,1,Type2 AC,Kukatpally,0,0,0,20.5,0.506,29.0,3.7,2W,602.0,8.58,0
VG-SES-009965,5.0,180.0,5,CHAdeMO,Gachibowli,22,0,0,31.9,0.773,57.7,4.3,2W,15.0,0.0,1
VG-SES-023285,5.0,30.0,1,Type2 AC,Secunderabad,21,0,0,31.1,0.782,15.8,4.1,2W,331.0,0.0,1
VG-SES-001590,6.0,30.0,3,Type2 AC,Madhapur,23,0,0,26.0,0.67,59.1,52.4,4W,471.0,18.99,0
VG-SES-030910,2.0,180.0,8,CHAdeMO,Madhapur,6,5,1,31.5,0.449,38.8,8.5,4W,30.0,0.32,0
VG-SES-027915,7.0,30.0,2,Bharat AC-001,Kukatpally,20,2,0,30.8,0.823,23.2,26.6,4W,725.0,10.28,0
VG-SES-018868,3.0,150.0,5,CCS2,Kukatpally,20,2,0,27.0,0.835,35.6,3.9,2W,23.0,0.38,0
VG-SES-024158,6.0,150.0,4,GB/T,Secunderabad,20,0,0,35.3,0.804,48.1,71.1,4W,21.0,10.89,0
VG-SES-037763,5.0,30.0,1,Type2 AC,Secunderabad,22,0,0,31.5,0.587,52.1,30.2,4W,344.0,9.28,0
VG-SES-040832,4.0,60.0,3,Type2 AC,Madhapur,10,1,0,24.3,0.605,24.9,4.0,2W,146.0,2.45,0
VG-SES-032318,4.0,60.0,3,Type2 AC,Madhapur,9,3,0,30.9,0.632,30.9,3.0,2W,174.0,2.01,0
VG-SES-007357,3.0,30.0,2,Type2 AC,Secunderabad,9,5,1,31.9,0.508,75.2,3.8,2W,226.0,0.86,0
VG-SES-024396,6.0,30.0,4,Bharat DC-001,Uppal,9,3,0,36.6,0.678,58.0,11.4,3W,183.0,1.04,0
VG-SES-028503,7.0,30.0,2,Bharat AC-001,Kukatpally,21,2,0,23.0,0.778,17.8,62.1,4W,330.0,39.56,0
VG-SES-021436,7.0,30.0,4,Type2 AC,Gachibowli,11,4,0,32.0,0.618,33.3,2.4,2W,138.0,1.41,0
VG-SES-022281,2.0,60.0,2,CCS2,Gachibowli,16,5,1,39.2,0.51,49.5,4.2,2W,217.0,2.02,0
VG-SES-019618,7.0,30.0,4,Type2 AC,Gachibowli,16,1,0,40.3,0.666,15.6,6.8,3W,108.0,3.04,0
VG-SES-023421,5.0,30.0,1,Type2 AC,Secunderabad,23,2,0,25.1,0.561,28.1,3.3,2W,425.0,1.0,0
VG-SES-008630,3.0,150.0,5,CCS2,Kukatpally,21,4,0,30.7,0.844,47.9,3.0,2W,34.0,0.45,0
VG-SES-016975,3.0,30.0,2,Type2 AC,Secunderabad,17,4,0,36.3,0.646,52.3,41.5,4W,84.0,19.48,0
VG-SES-037654,6.0,30.0,4,Bharat DC-001,Uppal,13,2,0,41.1,0.59,41.1,3.4,2W,353.0,1.82,0
VG-SES-044938,5.0,180.0,5,CHAdeMO,Gachibowli,11,6,1,29.0,0.56,42.8,3.6,2W,56.0,0.16,0
VG-SES-013738,3.0,30.0,2,Type2 AC,Secunderabad,16,2,0,23.8,0.601,41.8,4.4,2W,117.0,1.78,0
VG-SES-022024,6.0,150.0,4,GB/T,Secunderabad,18,0,0,27.5,0.773,21.4,26.7,4W,43.0,8.1,0
VG-SES-003784,6.0,150.0,4,GB/T,Secunderabad,6,4,0,16.8,0.536,55.1,4.3,2W,40.0,0.7,0
VG-SES-023847,5.0,60.0,3,CCS2,Kukatpally,17,1,0,37.7,0.634,59.0,29.5,4W,196.0,10.84,0
VG-SES-026428,7.0,30.0,4,Type2 AC,Gachibowli,8,6,1,21.2,0.534,60.1,2.2,2W,111.0,0.81,0
VG-SES-028922,2.0,180.0,8,CHAdeMO,Madhapur,8,3,0,24.8,0.58,37.3,68.2,4W,28.0,12.7,0
VG-SES-018432,5.0,60.0,3,CCS2,Kukatpally,16,2,0,38.8,0.597,44.6,32.2,4W,119.0,16.52,0
VG-SES-028211,3.0,150.0,5,CCS2,Kukatpally,8,4,0,23.9,0.582,63.6,2.9,2W,23.0,0.27,0
VG-SES-040328,2.0,15.0,1,Type2 AC,Kukatpally,20,3,0,28.1,0.936,39.7,69.6,4W,264.0,17.3,0
VG-SES-026535,5.0,60.0,3,CCS2,Kukatpally,11,2,0,20.8,0.605,47.2,6.9,3W,125.0,2.3,0
VG-SES-020005,6.0,30.0,4,Bharat DC-001,Uppal,15,4,0,39.7,0.583,44.2,10.8,3W,115.0,5.12,0
VG-SES-029640,2.0,180.0,8,CHAdeMO,Madhapur,20,1,0,37.5,0.804,31.7,6.5,3W,31.0,0.86,0
VG-SES-033292,7.0,30.0,2,Bharat AC-001,Kukatpally,23,5,1,28.4,0.561,8.6,9.0,3W,418.0,1.8,0
VG-SES-018028,5.0,180.0,5,CHAdeMO,Gachibowli,21,5,1,29.9,0.706,19.9,43.5,4W,49.0,14.23,0
VG-SES-016718,4.0,30.0,4,Bharat AC-001,Gachibowli,19,5,1,22.6,0.765,17.6,4.3,2W,215.0,2.53,0
VG-SES-021146,6.0,150.0,4,GB/T,Secunderabad,20,5,1,35.0,0.75,32.9,68.0,4W,40.0,13.76,0
VG-SES-042598,4.0,30.0,4,Bharat AC-001,Gachibowli,22,0,0,30.2,0.7,31.9,2.3,2W,755.0,1.04,0
VG-SES-013574,5.0,60.0,3,CCS2,Kukatpally,11,6,1,40.7,0.568,48.4,62.3,4W,188.0,26.94,0
VG-SES-019598,2.0,60.0,2,CCS2,Gachibowli,11,1,0,39.0,0.578,35.3,11.5,3W,149.0,6.83,0
VG-SES-033116,7.0,30.0,4,Type2 AC,Gachibowli,15,1,0,35.4,0.568,58.5,71.0,4W,119.0,6.79,0
VG-SES-018146,2.0,60.0,2,CCS2,Gachibowli,14,5,1,35.9,0.49,17.2,2.3,2W,144.0,1.15,0
VG-SES-018567,3.0,150.0,5,CCS2,Kukatpally,18,2,0,24.7,0.734,19.7,2.0,2W,34.0,0.13,0
VG-SES-014783,2.0,180.0,8,CHAdeMO,Madhapur,7,6,1,28.6,0.57,31.0,3.4,2W,22.0,0.0,1
VG-SES-018727,2.0,15.0,1,Type2 AC,Kukatpally,21,6,1,36.5,0.715,15.7,3.8,2W,149.0,1.31,0
VG-SES-027461,3.0,30.0,2,Type2 AC,Secunderabad,9,3,0,31.0,0.675,35.1,8.3,3W,148.0,4.77,0
VG-SES-022726,4.0,150.0,3,CCS2,Uppal,18,3,0,39.2,0.692,45.2,3.3,2W,59.0,0.89,0
VG-SES-014567,3.0,30.0,1,Bharat AC-001,Uppal,23,1,0,24.8,0.664,42.2,2.7,2W,249.0,0.35,0
VG-SES-033452,4.0,30.0,4,Bharat AC-001,Gachibowli,22,1,0,29.8,0.722,48.7,68.9,4W,521.0,28.57,0
VG-SES-034579,3.0,30.0,1,Bharat AC-001,Uppal,20,3,0,25.7,0.875,58.5,42.9,4W,387.0,15.89,0
VG-SES-005310,2.0,180.0,8,CHAdeMO,Madhapur,19,0,0,37.3,0.817,64.2,2.1,2W,32.0,0.29,0
VG-SES-008498,5.0,180.0,5,CHAdeMO,Gachibowli,11,3,0,30.8,0.54,27.5,6.9,3W,36.0,1.08,0
VG-SES-001449,5.0,180.0,5,CHAdeMO,Gachibowli,12,0,0,41.2,0.513,72.5,52.3,4W,22.0,7.57,0
VG-SES-035703,7.0,120.0,7,CCS2,Madhapur,13,2,0,26.4,0.514,53.9,2.7,2W,23.0,0.27,0
VG-SES-012293,2.0,60.0,2,CCS2,Gachibowli,15,4,0,34.2,0.554,14.1,3.1,2W,141.0,0.18,0
VG-SES-017414,3.0,30.0,1,Bharat AC-001,Uppal,0,0,0,31.9,0.515,61.0,2.5,2W,455.0,0.82,0
VG-SES-014393,2.0,60.0,2,CCS2,Gachibowli,10,5,1,32.9,0.662,51.5,4.1,2W,250.0,0.19,0
VG-SES-008358,2.0,15.0,1,Type2 AC,Kukatpally,21,6,1,25.9,0.732,60.3,4.1,2W,343.0,1.44,0
VG-SES-000989,7.0,120.0,7,CCS2,Madhapur,20,3,0,36.3,0.778,16.7,54.7,4W,28.0,10.56,0
VG-SES-023346,2.0,180.0,8,CHAdeMO,Madhapur,6,5,1,18.5,0.57,25.6,58.8,4W,42.0,1.78,0
VG-SES-009792,5.0,180.0,5,CHAdeMO,Gachibowli,11,5,1,38.4,0.491,70.0,4.0,2W,30.0,0.47,0
VG-SES-010255,6.0,150.0,4,GB/T,Secunderabad,22,0,0,28.3,0.607,62.3,70.7,4W,20.0,9.33,0
VG-SES-043477,4.0,150.0,3,CCS2,Uppal,21,6,1,20.1,0.697,38.9,63.4,4W,66.0,30.39,0
VG-SES-002217,4.0,150.0,3,CCS2,Uppal,20,1,0,35.6,0.829,42.4,2.5,2W,27.0,0.0,1
VG-SES-013812,5.0,30.0,1,Type2 AC,Secunderabad,2,6,1,23.0,0.403,47.5,3.9,2W,231.0,1.95,0
VG-SES-041468,3.0,30.0,2,Type2 AC,Secunderabad,16,5,1,37.8,0.573,65.8,186.3,Bus,197.0,57.4,0
VG-SES-007140,5.0,30.0,1,Type2 AC,Secunderabad,19,2,0,43.3,0.758,51.4,2.7,2W,594.0,0.66,0
VG-SES-028685,2.0,60.0,2,CCS2,Gachibowli,9,5,1,26.3,0.556,14.5,8.5,4W,325.0,5.43,0
VG-SES-037252,2.0,60.0,2,CCS2,Gachibowli,16,4,0,44.7,0.603,33.4,60.0,4W,208.0,21.54,0
VG-SES-021868,7.0,30.0,2,Bharat AC-001,Kukatpally,22,6,1,32.7,0.663,59.6,2.7,2W,267.0,0.49,0
VG-SES-040027,6.0,30.0,4,Bharat DC-001,Uppal,9,6,1,35.6,0.545,41.5,74.3,4W,248.0,44.1,0
VG-SES-032339,3.0,30.0,2,Type2 AC,Secunderabad,17,0,0,36.6,0.628,17.0,7.9,3W,140.0,0.27,0
VG-SES-023999,4.0,60.0,3,Type2 AC,Madhapur,17,3,0,35.5,0.722,26.9,65.6,4W,137.0,17.49,0
VG-SES-028797,4.0,150.0,3,CCS2,Uppal,21,0,0,33.9,0.778,67.0,37.5,4W,14.0,0.7,0
VG-SES-022872,3.0,30.0,2,Type2 AC,Secunderabad,14,5,1,36.8,0.47,45.7,2.4,2W,263.0,1.34,0
VG-SES-037551,4.0,60.0,3,Type2 AC,Madhapur,15,2,0,33.7,0.656,59.9,52.2,4W,251.0,11.96,0
VG-SES-026566,2.0,60.0,2,CCS2,Gachibowli,8,5,1,16.8,0.582,30.8,9.0,3W,218.0,1.85,0
VG-SES-032100,4.0,60.0,3,Type2 AC,Madhapur,13,5,1,39.2,0.531,51.8,3.8,2W,135.0,1.79,0
VG-SES-033247,5.0,180.0,5,CHAdeMO,Gachibowli,7,5,1,27.7,0.52,44.8,3.1,2W,38.0,0.5,0
VG-SES-007880,6.0,30.0,3,Type2 AC,Madhapur,22,5,1,22.5,0.629,48.5,7.1,3W,493.0,3.79,0
VG-SES-026974,7.0,30.0,4,Type2 AC,Gachibowli,11,6,1,32.8,0.557,37.9,2.1,2W,114.0,0.95,0
VG-SES-040147,4.0,60.0,3,Type2 AC,Madhapur,14,3,0,28.7,0.488,44.6,3.7,2W,119.0,0.19,0
VG-SES-009252,6.0,30.0,4,Bharat DC-001,Uppal,16,0,0,39.1,0.582,58.7,7.9,3W,116.0,0.0,1
VG-SES-013167,4.0,150.0,3,CCS2,Uppal,13,1,0,32.7,0.549,47.2,7.5,3W,34.0,0.35,0
VG-SES-010436,4.0,30.0,4,Bharat AC-001,Gachibowli,22,3,0,25.1,0.666,37.1,323.2,Bus,536.0,84.04,0
VG-SES-000397,5.0,180.0,5,CHAdeMO,Gachibowli,6,5,1,17.3,0.525,27.9,2.5,2W,82.0,0.98,0
VG-SES-009418,4.0,30.0,4,Bharat AC-001,Gachibowli,2,4,0,30.2,0.433,26.4,11.0,3W,307.0,3.26,0
VG-SES-037925,5.0,60.0,3,CCS2,Kukatpally,13,3,0,23.2,0.507,51.2,260.7,Bus,233.0,98.61,0
VG-SES-040493,7.0,30.0,4,Type2 AC,Gachibowli,15,3,0,38.1,0.559,55.5,3.2,2W,186.0,0.29,0
VG-SES-044136,3.0,30.0,1,Bharat AC-001,Uppal,20,5,1,32.6,0.771,46.8,3.2,2W,582.0,1.76,0
VG-SES-000336,3.0,30.0,1,Bharat AC-001,Uppal,5,4,0,14.2,0.6,25.2,220.2,Bus,564.0,151.43,0
VG-SES-002536,3.0,30.0,2,Type2 AC,Secunderabad,17,2,0,20.5,0.697,26.6,31.6,4W,231.0,16.69,0
VG-SES-014794,5.0,60.0,3,CCS2,Kukatpally,17,6,1,40.2,0.614,65.7,3.8,2W,121.0,1.2,0
VG-SES-010383,5.0,60.0,3,CCS2,Kukatpally,9,6,1,27.9,0.628,43.6,3.1,2W,114.0,1.62,0
VG-SES-021912,2.0,15.0,1,Type2 AC,Kukatpally,1,1,0,19.5,0.503,32.7,3.6,2W,531.0,0.95,0
VG-SES-036049,7.0,120.0,7,CCS2,Madhapur,21,3,0,20.3,0.862,33.9,4.2,2W,26.0,0.0,1
VG-SES-044121,2.0,180.0,8,CHAdeMO,Madhapur,19,3,0,25.2,0.847,35.8,8.7,3W,22.0,0.8,0
VG-SES-001240,6.0,30.0,3,Type2 AC,Madhapur,22,2,0,22.2,0.655,30.3,10.7,3W,266.0,5.66,0
VG-SES-004843,5.0,60.0,3,CCS2,Kukatpally,16,2,0,23.1,0.678,75.3,3.4,2W,124.0,0.8,0
VG-SES-026465,7.0,120.0,7,CCS2,Madhapur,18,3,0,27.1,0.774,59.5,67.2,4W,32.0,0.0,1
VG-SES-014560,5.0,60.0,3,CCS2,Kukatpally,11,0,0,38.4,0.585,25.3,6.3,3W,120.0,3.39,0
VG-SES-005779,5.0,60.0,3,CCS2,Kukatpally,16,6,1,27.3,0.56,57.7,40.8,4W,155.0,9.61,0
VG-SES-023295,2.0,15.0,1,Type2 AC,Kukatpally,23,0,0,32.8,0.621,22.7,55.5,4W,581.0,12.64,0
VG-SES-036889,7.0,30.0,4,Type2 AC,Gachibowli,17,2,0,33.5,0.672,27.4,2.6,2W,116.0,0.84,0
VG-SES-021688,6.0,30.0,4,Bharat DC-001,Uppal,9,4,0,35.9,0.594,31.8,2.9,2W,141.0,1.65,0
VG-SES-003724,7.0,30.0,4,Type2 AC,Gachibowli,10,6,1,28.2,0.586,50.0,55.7,4W,88.0,24.43,0
VG-SES-008361,2.0,15.0,1,Type2 AC,Kukatpally,5,2,0,14.8,0.503,56.4,9.8,3W,160.0,19.08,0
VG-SES-008853,6.0,30.0,4,Bharat DC-001,Uppal,15,6,1,25.5,0.483,43.9,62.6,4W,111.0,0.0,1
VG-SES-037286,4.0,150.0,3,CCS2,Uppal,22,0,0,26.8,0.762,79.5,3.4,2W,40.0,0.48,0
VG-SES-023867,6.0,30.0,3,Type2 AC,Madhapur,19,3,0,39.2,0.782,55.1,47.0,4W,145.0,21.34,0
VG-SES-020432,5.0,180.0,5,CHAdeMO,Gachibowli,18,1,0,38.3,0.752,27.1,59.5,4W,35.0,13.78,0
VG-SES-011952,2.0,180.0,8,CHAdeMO,Madhapur,6,5,1,22.5,0.552,66.7,4.4,2W,31.0,0.55,0
VG-SES-037391,5.0,30.0,1,Type2 AC,Secunderabad,21,4,0,25.4,0.745,16.9,61.6,4W,391.0,8.41,0
VG-SES-038577,6.0,30.0,4,Bharat DC-001,Uppal,9,4,0,34.5,0.694,45.9,3.0,2W,174.0,1.42,0
VG-SES-025587,2.0,60.0,2,CCS2,Gachibowli,14,1,0,24.2,0.59,32.3,2.8,2W,170.0,1.5,0
VG-SES-019872,4.0,30.0,4,Bharat AC-001,Gachibowli,5,4,0,17.7,0.571,46.9,69.1,4W,500.0,13.66,0
VG-SES-006847,3.0,30.0,1,Bharat AC-001,Uppal,22,5,1,25.6,0.648,12.0,2.1,2W,256.0,0.93,0
VG-SES-042399,2.0,60.0,2,CCS2,Gachibowli,11,0,0,23.1,0.516,63.8,2.6,2W,238.0,0.44,0
VG-SES-044565,7.0,30.0,4,Type2 AC,Gachibowli,15,4,0,35.2,0.557,44.9,37.4,4W,159.0,9.35,0
VG-SES-006004,4.0,60.0,3,Type2 AC,Madhapur,10,6,1,32.8,0.672,50.7,10.9,3W,129.0,3.07,0
VG-SES-035985,7.0,30.0,4,Type2 AC,Gachibowli,14,0,0,25.4,0.549,52.1,35.5,4W,183.0,7.88,0
VG-SES-028885,6.0,30.0,4,Bharat DC-001,Uppal,11,5,1,20.5,0.501,39.3,32.1,4W,104.0,10.06,0
VG-SES-010204,7.0,30.0,4,Type2 AC,Gachibowli,14,2,0,32.6,0.509,36.6,7.0,3W,92.0,2.97,0
VG-SES-023004,3.0,150.0,5,CCS2,Kukatpally,18,3,0,40.2,0.821,48.8,2.2,2W,24.0,0.23,0
VG-SES-040146,7.0,30.0,4,Type2 AC,Gachibowli,8,4,0,21.0,0.684,45.1,8.3,3W,141.0,19.31,0
VG-SES-039354,2.0,180.0,8,CHAdeMO,Madhapur,13,2,0,27.9,0.57,33.4,64.5,4W,41.0,17.17,0
VG-SES-033826,7.0,120.0,7,CCS2,Madhapur,22,5,1,22.9,0.645,48.9,11.5,3W,35.0,1.86,0
VG-SES-041544,3.0,30.0,1,Bharat AC-001,Uppal,0,6,1,24.2,0.48,6.9,11.1,3W,316.0,1.11,0
VG-SES-039787,6.0,30.0,3,Type2 AC,Madhapur,1,1,0,33.3,0.491,62.2,3.1,2W,262.0,1.16,0
VG-SES-024982,4.0,60.0,3,Type2 AC,Madhapur,9,2,0,26.3,0.548,54.9,6.8,3W,146.0,21.18,0
VG-SES-039399,5.0,30.0,1,Type2 AC,Secunderabad,0,1,0,20.9,0.544,67.8,2.5,2W,514.0,0.69,0
VG-SES-028496,3.0,150.0,5,CCS2,Kukatpally,13,5,1,34.9,0.543,42.4,11.7,3W,27.0,1.31,0
VG-SES-003369,6.0,150.0,4,GB/T,Secunderabad,8,6,1,31.0,0.565,65.7,45.7,4W,25.0,7.96,0
VG-SES-028016,5.0,60.0,3,CCS2,Kukatpally,10,2,0,25.4,0.587,41.7,8.5,3W,129.0,2.23,0
VG-SES-016691,3.0,30.0,2,Type2 AC,Secunderabad,10,3,0,34.5,0.657,40.4,52.5,4W,175.0,22.65,0
VG-SES-018118,6.0,30.0,4,Bharat DC-001,Uppal,14,0,0,45.3,0.558,24.3,34.8,4W,104.0,13.34,0
VG-SES-035600,2.0,15.0,1,Type2 AC,Kukatpally,22,4,0,16.5,0.637,13.4,67.9,4W,374.0,39.35,0
VG-SES-034808,4.0,30.0,4,Bharat AC-001,Gachibowli,0,5,1,30.7,0.462,30.4,28.2,4W,430.0,8.15,0
VG-SES-021342,5.0,180.0,5,CHAdeMO,Gachibowli,18,1,0,29.0,0.798,79.2,266.5,Bus,17.0,0.0,1
VG-SES-025485,7.0,120.0,7,CCS2,Madhapur,20,3,0,28.9,0.821,53.5,33.8,4W,18.0,4.5,0
VG-SES-035454,3.0,30.0,2,Type2 AC,Secunderabad,17,0,0,40.7,0.689,21.7,6.7,3W,82.0,2.4,0
VG-SES-024980,6.0,30.0,3,Type2 AC,Madhapur,20,2,0,19.9,0.784,43.8,66.8,4W,278.0,11.38,0
VG-SES-031940,3.0,30.0,2,Type2 AC,Secunderabad,16,6,1,33.6,0.609,54.0,55.4,4W,221.0,19.54,0
VG-SES-036245,6.0,30.0,3,Type2 AC,Madhapur,19,2,0,23.0,0.836,29.7,11.7,3W,290.0,7.42,0
VG-SES-043086,6.0,150.0,4,GB/T,Secunderabad,7,5,1,18.6,0.571,8.9,4.4,2W,33.0,0.3,0
VG-SES-011320,7.0,30.0,4,Type2 AC,Gachibowli,15,0,0,26.0,0.551,31.0,6.3,3W,62.0,0.41,0
VG-SES-020411,5.0,180.0,5,CHAdeMO,Gachibowli,20,3,0,26.2,0.804,38.7,10.7,3W,61.0,2.86,0
VG-SES-022787,7.0,30.0,2,Bharat AC-001,Kukatpally,20,0,0,19.7,0.844,65.2,11.8,3W,171.0,3.8,0
VG-SES-027562,6.0,150.0,4,GB/T,Secunderabad,13,4,0,36.6,0.548,43.9,2.5,2W,55.0,0.53,0
VG-SES-005941,7.0,30.0,2,Bharat AC-001,Kukatpally,22,0,0,31.3,0.712,15.7,4.3,2W,721.0,1.74,0
VG-SES-025829,6.0,30.0,4,Bharat DC-001,Uppal,14,0,0,40.8,0.502,47.0,2.8,2W,135.0,0.67,0
VG-SES-026469,3.0,150.0,5,CCS2,Kukatpally,22,1,0,31.6,0.643,50.9,4.0,2W,24.0,0.38,0
VG-SES-001504,7.0,120.0,7,CCS2,Madhapur,18,3,0,36.2,0.901,74.6,65.6,4W,25.0,11.49,0
VG-SES-007819,3.0,30.0,2,Type2 AC,Secunderabad,9,4,0,34.0,0.669,18.4,53.7,4W,132.0,11.17,0
VG-SES-044867,2.0,60.0,2,CCS2,Gachibowli,8,3,0,20.5,0.614,32.8,310.4,Bus,251.0,189.0,0
VG-SES-033497,6.0,150.0,4,GB/T,Secunderabad,7,5,1,26.5,0.522,77.5,3.5,2W,45.0,0.61,0
VG-SES-000416,2.0,60.0,2,CCS2,Gachibowli,16,1,0,24.8,0.599,19.8,71.1,4W,155.0,13.3,0
VG-SES-024951,3.0,30.0,1,Bharat AC-001,Uppal,20,0,0,41.0,0.774,64.7,52.4,4W,278.0,0.0,1
VG-SES-007373,4.0,150.0,3,CCS2,Uppal,21,2,0,36.3,0.845,54.9,3.5,2W,14.0,0.09,0
VG-SES-016477,6.0,30.0,4,Bharat DC-001,Uppal,17,3,0,41.6,0.614,60.3,2.5,2W,168.0,1.03,0
VG-SES-003316,3.0,30.0,1,Bharat AC-001,Uppal,20,6,1,26.9,0.834,7.0,3.0,2W,217.0,0.46,0
VG-SES-023835,2.0,180.0,8,CHAdeMO,Madhapur,12,2,0,22.2,0.53,36.2,2.2,2W,9.0,0.15,0
VG-SES-026400,3.0,30.0,2,Type2 AC,Secunderabad,9,2,0,22.4,0.628,17.5,9.8,3W,153.0,0.32,0
VG-SES-028585,2.0,60.0,2,CCS2,Gachibowli,9,5,1,21.0,0.626,28.0,59.4,4W,166.0,17.12,0
VG-SES-011231,5.0,60.0,3,CCS2,Kukatpally,8,4,0,36.0,0.651,55.5,31.4,4W,109.0,1.95,0
VG-SES-016064,3.0,150.0,5,CCS2,Kukatpally,12,1,0,36.1,0.566,53.1,32.5,4W,32.0,6.96,0
VG-SES-017826,5.0,180.0,5,CHAdeMO,Gachibowli,7,6,1,25.0,0.551,16.3,11.3,3W,46.0,2.05,0
VG-SES-005496,3.0,150.0,5,CCS2,Kukatpally,19,6,1,27.8,0.719,60.7,237.3,Bus,25.0,26.16,0
VG-SES-034317,5.0,180.0,5,CHAdeMO,Gachibowli,12,1,0,29.0,0.596,23.6,68.8,4W,53.0,0.0,1
VG-SES-033470,5.0,180.0,5,CHAdeMO,Gachibowli,13,2,0,34.9,0.501,35.3,10.4,3W,57.0,2.52,0
VG-SES-041463,7.0,30.0,4,Type2 AC,Gachibowli,14,6,1,27.7,0.468,48.7,267.0,Bus,148.0,69.09,0
VG-SES-017607,2.0,60.0,2,CCS2,Gachibowli,15,2,0,37.5,0.609,34.7,35.1,4W,200.0,7.98,0
VG-SES-032515,4.0,150.0,3,CCS2,Uppal,21,0,0,23.8,0.773,35.0,61.2,4W,59.0,24.35,0
VG-SES-015066,7.0,30.0,2,Bharat AC-001,Kukatpally,23,6,1,31.2,0.6,30.0,3.6,2W,302.0,0.52,0
VG-SES-044026,5.0,30.0,1,Type2 AC,Secunderabad,5,0,0,22.2,0.586,59.0,34.3,4W,180.0,13.09,0
VG-SES-018511,5.0,60.0,3,CCS2,Kukatpally,10,3,0,26.0,0.64,37.5,3.8,2W,123.0,0.0,1
VG-SES-033072,7.0,30.0,4,Type2 AC,Gachibowli,11,6,1,33.4,0.517,26.9,7.4,3W,61.0,1.94,0
VG-SES-023890,4.0,30.0,4,Bharat AC-001,Gachibowli,0,5,1,31.8,0.38,29.9,3.5,2W,488.0,2.27,0
VG-SES-002615,3.0,30.0,2,Type2 AC,Secunderabad,14,3,0,39.8,0.54,37.8,27.2,4W,188.0,15.96,0
VG-SES-040976,5.0,180.0,5,CHAdeMO,Gachibowli,8,3,0,17.6,0.627,74.9,3.6,2W,39.0,0.56,0
VG-SES-044161,5.0,180.0,5,CHAdeMO,Gachibowli,18,3,0,26.7,0.732,52.9,3.1,2W,24.0,0.11,0
VG-SES-015338,3.0,30.0,1,Bharat AC-001,Uppal,22,0,0,23.3,0.773,51.8,25.5,4W,653.0,7.93,0
VG-SES-041029,6.0,30.0,3,Type2 AC,Madhapur,23,5,1,18.1,0.559,28.7,2.2,2W,100.0,0.36,0
VG-SES-006453,6.0,30.0,4,Bharat DC-001,Uppal,13,6,1,36.1,0.489,21.9,3.9,2W,247.0,0.23,0
VG-SES-013525,5.0,60.0,3,CCS2,Kukatpally,11,6,1,34.5,0.513,56.7,3.7,2W,175.0,0.57,0
VG-SES-025896,5.0,60.0,3,CCS2,Kukatpally,10,6,1,24.0,0.641,20.7,4.2,2W,168.0,0.0,1
VG-SES-013073,7.0,30.0,2,Bharat AC-001,Kukatpally,20,1,0,21.4,0.77,42.0,3.4,2W,426.0,0.95,0
VG-SES-036014,4.0,30.0,4,Bharat AC-001,Gachibowli,21,1,0,35.0,0.731,43.1,4.5,2W,417.0,1.24,0
VG-SES-017823,7.0,30.0,4,Type2 AC,Gachibowli,9,1,0,21.5,0.619,65.3,66.2,4W,218.0,21.99,0
VG-SES-012926,2.0,60.0,2,CCS2,Gachibowli,13,5,1,41.3,0.461,36.2,2.7,2W,254.0,1.54,0
VG-SES-006396,6.0,30.0,4,Bharat DC-001,Uppal,9,2,0,36.3,0.602,27.3,64.8,4W,94.0,42.41,0
VG-SES-030130,7.0,120.0,7,CCS2,Madhapur,7,2,0,21.7,0.582,29.1,59.0,4W,26.0,10.25,0
VG-SES-002861,5.0,180.0,5,CHAdeMO,Gachibowli,18,0,0,39.4,0.778,52.0,258.9,Bus,15.0,0.0,1
VG-SES-012022,5.0,30.0,1,Type2 AC,Secunderabad,19,0,0,35.2,0.852,33.4,2.3,2W,227.0,0.0,1
VG-SES-001248,4.0,30.0,4,Bharat AC-001,Gachibowli,0,0,0,29.6,0.574,47.8,11.7,3W,305.0,4.33,0
VG-SES-019032,5.0,180.0,5,CHAdeMO,Gachibowli,22,6,1,38.1,0.655,34.0,301.0,Bus,26.0,35.69,0
VG-SES-010818,7.0,120.0,7,CCS2,Madhapur,18,6,1,37.8,0.73,37.8,2.2,2W,35.0,0.14,0
VG-SES-005884,3.0,150.0,5,CCS2,Kukatpally,13,1,0,34.8,0.639,39.4,7.4,3W,18.0,0.07,0
VG-SES-002793,3.0,30.0,2,Type2 AC,Secunderabad,8,6,1,27.9,0.624,71.9,8.5,4W,217.0,2.28,0
VG-SES-025308,6.0,30.0,4,Bharat DC-001,Uppal,15,2,0,30.3,0.521,44.4,8.1,3W,133.0,0.23,0
VG-SES-003211,2.0,60.0,2,CCS2,Gachibowli,8,1,0,33.3,0.557,44.8,38.3,4W,346.0,6.13,0
VG-SES-044110,6.0,30.0,4,Bharat DC-001,Uppal,16,2,0,38.1,0.569,55.5,230.9,Bus,82.0,39.69,0
VG-SES-000480,3.0,30.0,1,Bharat AC-001,Uppal,6,2,0,14.6,0.597,10.8,10.8,3W,225.0,5.95,0
VG-SES-037785,2.0,15.0,1,Type2 AC,Kukatpally,6,6,1,22.0,0.469,46.6,4.1,2W,542.0,0.38,0
VG-SES-023017,6.0,30.0,4,Bharat DC-001,Uppal,10,3,0,34.3,0.664,44.4,337.0,Bus,142.0,64.87,0
VG-SES-015869,3.0,30.0,1,Bharat AC-001,Uppal,0,4,0,32.0,0.511,37.3,72.2,4W,518.0,22.92,0
VG-SES-009473,5.0,60.0,3,CCS2,Kukatpally,8,5,1,32.1,0.584,24.1,40.5,4W,88.0,2.18,0
VG-SES-022681,3.0,30.0,1,Bharat AC-001,Uppal,22,6,1,22.4,0.559,41.7,9.7,3W,398.0,5.46,0
VG-SES-005155,6.0,150.0,4,GB/T,Secunderabad,6,1,0,22.2,0.606,53.4,32.1,4W,19.0,0.0,1
VG-SES-011932,6.0,30.0,3,Type2 AC,Madhapur,23,6,1,22.6,0.602,29.1,56.9,4W,551.0,14.01,0
VG-SES-030254,2.0,180.0,8,CHAdeMO,Madhapur,22,4,0,33.1,0.716,18.5,6.9,3W,33.0,1.01,0
VG-SES-004210,4.0,150.0,3,CCS2,Uppal,6,5,1,36.6,0.488,58.1,2.4,2W,31.0,0.32,0
VG-SES-030114,2.0,60.0,2,CCS2,Gachibowli,8,1,0,33.6,0.646,54.1,44.7,4W,84.0,20.0,0
VG-SES-028793,2.0,15.0,1,Type2 AC,Kukatpally,20,6,1,29.9,0.711,41.1,6.2,3W,424.0,1.92,0
VG-SES-017437,3.0,150.0,5,CCS2,Kukatpally,20,2,0,28.5,0.833,32.6,2.6,2W,34.0,0.39,0
VG-SES-032199,7.0,30.0,4,Type2 AC,Gachibowli,15,0,0,24.2,0.562,58.9,3.7,2W,29.0,0.45,0
VG-SES-027516,3.0,150.0,5,CCS2,Kukatpally,19,1,0,27.6,0.807,25.7,2.9,2W,25.0,0.27,0
VG-SES-024387,2.0,15.0,1,Type2 AC,Kukatpally,2,4,0,20.6,0.473,25.2,3.8,2W,160.0,1.83,0
VG-SES-025098,3.0,30.0,1,Bharat AC-001,Uppal,1,6,1,31.1,0.459,78.1,9.1,3W,331.0,1.84,0
VG-SES-028452,3.0,30.0,1,Bharat AC-001,Uppal,2,3,0,31.0,0.505,34.5,3.1,2W,425.0,1.35,0
VG-SES-002529,5.0,180.0,5,CHAdeMO,Gachibowli,21,0,0,29.3,0.778,31.7,2.1,2W,34.0,0.0,1
VG-SES-040561,5.0,180.0,5,CHAdeMO,Gachibowli,8,6,1,26.3,0.584,30.7,4.2,2W,54.0,0.97,0
VG-SES-039531,4.0,60.0,3,Type2 AC,Madhapur,8,1,0,30.6,0.616,48.4,3.2,2W,104.0,0.64,0
VG-SES-001985,6.0,150.0,4,GB/T,Secunderabad,12,5,1,31.7,0.449,36.9,45.0,4W,36.0,11.39,0
VG-SES-044502,7.0,120.0,7,CCS2,Madhapur,13,4,0,29.0,0.531,8.0,2.9,2W,29.0,0.15,0
VG-SES-016245,4.0,60.0,3,Type2 AC,Madhapur,9,6,1,18.9,0.601,43.3,3.1,2W,168.0,1.65,0
VG-SES-014517,2.0,15.0,1,Type2 AC,Kukatpally,1,0,0,30.2,0.507,34.3,11.5,3W,389.0,1.57,0
VG-SES-037012,6.0,30.0,3,Type2 AC,Madhapur,19,2,0,39.8,0.885,63.0,307.7,Bus,628.0,0.0,1
VG-SES-040174,5.0,30.0,1,Type2 AC,Secunderabad,6,1,0,27.3,0.581,38.0,3.4,2W,413.0,1.08,0
VG-SES-014679,3.0,30.0,2,Type2 AC,Secunderabad,16,5,1,43.1,0.536,60.1,2.7,2W,126.0,1.0,0
VG-SES-020132,5.0,60.0,3,CCS2,Kukatpally,8,2,0,18.1,0.627,17.5,3.7,2W,173.0,2.28,0
VG-SES-040879,4.0,60.0,3,Type2 AC,Madhapur,11,2,0,22.9,0.619,64.2,300.9,Bus,244.0,105.18,0
VG-SES-020333,5.0,60.0,3,CCS2,Kukatpally,14,3,0,41.5,0.6,72.0,2.4,2W,120.0,0.61,0
VG-SES-043006,7.0,30.0,4,Type2 AC,Gachibowli,14,3,0,36.7,0.502,32.2,3.2,2W,135.0,1.9,0
VG-SES-037933,6.0,150.0,4,GB/T,Secunderabad,21,0,0,35.9,0.778,38.4,2.8,2W,44.0,0.0,1
VG-SES-024987,2.0,60.0,2,CCS2,Gachibowli,11,6,1,38.8,0.493,18.2,3.2,2W,128.0,1.69,0
VG-SES-001626,7.0,30.0,4,Type2 AC,Gachibowli,14,6,1,29.1,0.47,27.3,64.5,4W,68.0,30.16,0
VG-SES-018509,2.0,180.0,8,CHAdeMO,Madhapur,21,0,0,24.0,0.737,67.6,6.3,3W,21.0,0.57,0
VG-SES-028914,4.0,150.0,3,CCS2,Uppal,18,2,0,29.1,0.689,74.1,26.9,4W,37.0,6.43,0
VG-SES-038981,5.0,60.0,3,CCS2,Kukatpally,15,6,1,29.0,0.553,10.4,3.4,2W,232.0,0.0,1
VG-SES-011608,5.0,60.0,3,CCS2,Kukatpally,10,6,1,23.2,0.535,27.8,35.4,4W,149.0,4.09,0
VG-SES-027827,4.0,150.0,3,CCS2,Uppal,22,4,0,27.9,0.72,57.6,3.1,2W,21.0,0.0,1
VG-SES-014693,3.0,30.0,2,Type2 AC,Secunderabad,16,4,0,38.8,0.533,20.1,3.3,2W,108.0,1.63,0
VG-SES-019471,5.0,180.0,5,CHAdeMO,Gachibowli,7,1,0,12.0,0.654,67.1,3.1,2W,36.0,0.4,0
VG-SES-037868,7.0,30.0,2,Bharat AC-001,Kukatpally,23,0,0,16.1,0.59,41.0,48.6,4W,272.0,9.73,0
VG-SES-012773,2.0,60.0,2,CCS2,Gachibowli,14,6,1,40.7,0.45,51.3,4.2,2W,89.0,1.63,0
VG-SES-006530,7.0,30.0,2,Bharat AC-001,Kukatpally,21,5,1,34.9,0.705,52.6,8.7,3W,442.0,3.8,0
VG-SES-003001,5.0,60.0,3,CCS2,Kukatpally,9,0,0,33.4,0.643,38.7,48.0,4W,126.0,7.61,0
VG-SES-018476,7.0,30.0,4,Type2 AC,Gachibowli,11,0,0,35.9,0.603,34.0,63.8,4W,108.0,34.56,0
VG-SES-016459,6.0,150.0,4,GB/T,Secunderabad,18,0,0,29.7,0.773,18.5,26.9,4W,32.0,5.92,0
VG-SES-026942,2.0,15.0,1,Type2 AC,Kukatpally,22,6,1,24.8,0.621,52.3,3.4,2W,242.0,0.6,0
VG-SES-004965,6.0,30.0,3,Type2 AC,Madhapur,23,4,0,17.3,0.584,54.4,34.0,4W,665.0,9.8,0
VG-SES-025424,4.0,150.0,3,CCS2,Uppal,7,2,0,20.4,0.595,20.0,28.0,4W,28.0,5.43,0
VG-SES-038928,4.0,30.0,4,Bharat AC-001,Gachibowli,22,0,0,36.2,0.675,48.6,54.4,4W,269.0,3.92,0
VG-SES-000391,5.0,180.0,5,CHAdeMO,Gachibowli,13,4,0,27.9,0.537,58.1,32.5,4W,59.0,12.69,0
VG-SES-040569,2.0,15.0,1,Type2 AC,Kukatpally,22,0,0,33.6,0.638,19.6,2.2,2W,385.0,1.18,0
VG-SES-008450,7.0,30.0,2,Bharat AC-001,Kukatpally,21,5,1,34.0,0.696,41.6,3.9,2W,459.0,0.55,0
VG-SES-016670,3.0,30.0,2,Type2 AC,Secunderabad,9,5,1,33.2,0.596,44.2,10.5,3W,144.0,5.86,0
VG-SES-042000,4.0,60.0,3,Type2 AC,Madhapur,9,4,0,29.5,0.676,47.4,3.5,2W,115.0,1.1,0
VG-SES-036052,7.0,120.0,7,CCS2,Madhapur,22,4,0,36.7,0.721,36.5,2.5,2W,23.0,0.27,0
VG-SES-037926,2.0,180.0,8,CHAdeMO,Madhapur,8,1,0,21.0,0.624,60.6,8.5,4W,32.0,1.96,0
VG-SES-029377,5.0,180.0,5,CHAdeMO,Gachibowli,6,2,0,24.7,0.542,22.5,71.5,4W,35.0,0.0,1
VG-SES-000874,4.0,60.0,3,Type2 AC,Madhapur,11,1,0,38.7,0.59,63.3,40.7,4W,210.0,13.09,0
VG-SES-005372,7.0,30.0,4,Type2 AC,Gachibowli,11,1,0,23.8,0.622,41.6,48.7,4W,121.0,26.6,0
VG-SES-010015,5.0,180.0,5,CHAdeMO,Gachibowli,12,4,0,30.1,0.573,8.6,6.6,3W,54.0,1.56,0
VG-SES-001517,7.0,30.0,4,Type2 AC,Gachibowli,14,6,1,38.6,0.505,32.0,2.6,2W,104.0,1.03,0
VG-SES-013056,3.0,150.0,5,CCS2,Kukatpally,20,4,0,34.8,0.754,33.4,2.8,2W,37.0,0.45,0
VG-SES-016788,5.0,180.0,5,CHAdeMO,Gachibowli,19,1,0,25.2,0.822,20.8,8.5,4W,27.0,0.0,1
VG-SES-024060,2.0,180.0,8,CHAdeMO,Madhapur,22,3,0,19.5,0.708,51.1,3.7,2W,30.0,0.44,0
VG-SES-028665,5.0,30.0,1,Type2 AC,Secunderabad,1,0,0,19.8,0.496,56.7,29.2,4W,207.0,11.31,0
VG-SES-023377,2.0,15.0,1,Type2 AC,Kukatpally,23,5,1,15.9,0.584,70.4,37.9,4W,387.0,3.49,0
VG-SES-002111,6.0,30.0,3,Type2 AC,Madhapur,6,1,0,23.1,0.573,46.3,7.0,3W,245.0,3.76,0
VG-SES-003377,6.0,150.0,4,GB/T,Secunderabad,13,1,0,32.2,0.556,44.5,48.6,4W,25.0,9.43,0
VG-SES-015044,5.0,30.0,1,Type2 AC,Secunderabad,21,4,0,21.8,0.75,26.6,7.8,3W,522.0,0.0,1
VG-SES-035878,4.0,30.0,4,Bharat AC-001,Gachibowli,23,5,1,25.5,0.626,38.7,2.2,2W,189.0,0.68,0
VG-SES-025176,5.0,180.0,5,CHAdeMO,Gachibowli,7,1,0,25.4,0.588,52.9,52.8,4W,37.0,2.65,0
VG-SES-030427,5.0,30.0,1,Type2 AC,Secunderabad,21,2,0,35.8,0.781,58.5,9.2,3W,532.0,2.15,0
VG-SES-007767,7.0,30.0,4,Type2 AC,Gachibowli,17,6,1,24.0,0.576,74.9,6.3,3W,130.0,1.48,0
VG-SES-012491,7.0,120.0,7,CCS2,Madhapur,8,2,0,19.2,0.615,27.5,11.3,3W,59.0,2.89,0
VG-SES-017839,6.0,30.0,3,Type2 AC,Madhapur,21,4,0,26.6,0.691,47.7,11.5,3W,346.0,3.41,0
VG-SES-028131,4.0,60.0,3,Type2 AC,Madhapur,17,4,0,37.9,0.696,28.4,3.6,2W,188.0,0.82,0
VG-SES-016048,2.0,60.0,2,CCS2,Gachibowli,9,6,1,35.0,0.63,53.7,36.5,4W,180.0,10.82,0
VG-SES-033796,6.0,150.0,4,GB/T,Secunderabad,13,2,0,39.0,0.504,78.3,43.8,4W,14.0,0.0,1
VG-SES-004997,5.0,180.0,5,CHAdeMO,Gachibowli,22,5,1,29.8,0.662,61.3,4.0,2W,31.0,0.0,1
VG-SES-024481,4.0,150.0,3,CCS2,Uppal,21,5,1,26.9,0.694,43.9,2.0,2W,22.0,0.21,0
VG-SES-029844,3.0,30.0,2,Type2 AC,Secunderabad,11,2,0,25.7,0.544,25.0,6.3,3W,126.0,2.55,0
VG-SES-025557,4.0,150.0,3,CCS2,Uppal,12,4,0,34.8,0.628,21.2,3.5,2W,36.0,0.09,0
VG-SES-037288,7.0,30.0,4,Type2 AC,Gachibowli,17,5,1,22.8,0.729,20.0,3.7,2W,127.0,1.74,0
VG-SES-026708,2.0,180.0,8,CHAdeMO,Madhapur,19,2,0,27.0,0.816,52.1,71.2,4W,75.0,35.69,0
VG-SES-044681,3.0,30.0,2,Type2 AC,Secunderabad,11,6,1,22.2,0.456,60.7,4.0,2W,68.0,1.15,0
VG-SES-013583,4.0,150.0,3,CCS2,Uppal,12,2,0,29.8,0.6,66.4,4.1,2W,19.0,0.33,0
VG-SES-038434,2.0,180.0,8,CHAdeMO,Madhapur,12,5,1,37.2,0.525,53.5,70.7,4W,26.0,11.97,0
VG-SES-011729,7.0,30.0,2,Bharat AC-001,Kukatpally,23,6,1,32.0,0.655,63.0,2.4,2W,334.0,0.63,0
VG-SES-044140,3.0,30.0,2,Type2 AC,Secunderabad,17,5,1,26.4,0.655,37.6,2.2,2W,78.0,0.24,0
VG-SES-008794,2.0,15.0,1,Type2 AC,Kukatpally,21,2,0,21.4,0.716,53.1,3.3,2W,167.0,1.4,0
VG-SES-044733,7.0,30.0,4,Type2 AC,Gachibowli,11,5,1,38.7,0.536,62.2,52.4,4W,220.0,17.56,0
VG-SES-014216,5.0,30.0,1,Type2 AC,Secunderabad,22,2,0,23.2,0.647,28.4,3.6,2W,167.0,1.18,0
VG-SES-026406,3.0,30.0,1,Bharat AC-001,Uppal,22,6,1,32.2,0.651,47.8,2.4,2W,302.0,1.2,0
VG-SES-016464,3.0,30.0,2,Type2 AC,Secunderabad,10,3,0,21.7,0.604,42.2,6.1,3W,199.0,1.99,0
VG-SES-040071,3.0,150.0,5,CCS2,Kukatpally,18,4,0,41.2,0.851,22.3,30.7,4W,38.0,0.0,1
VG-SES-007212,6.0,30.0,3,Type2 AC,Madhapur,19,6,1,24.9,0.77,37.0,6.2,3W,146.0,3.2,0
VG-SES-022736,6.0,150.0,4,GB/T,Secunderabad,22,6,1,33.1,0.622,26.3,36.5,4W,18.0,0.65,0
VG-SES-034885,7.0,30.0,4,Type2 AC,Gachibowli,10,3,0,28.5,0.714,73.3,272.2,Bus,124.0,53.05,0
VG-SES-044906,6.0,30.0,4,Bharat DC-001,Uppal,16,4,0,38.4,0.604,24.3,3.1,2W,187.0,0.43,0
VG-SES-029248,6.0,150.0,4,GB/T,Secunderabad,20,0,0,35.4,0.748,40.7,9.7,3W,53.0,2.01,0
VG-SES-029269,3.0,150.0,5,CCS2,Kukatpally,20,4,0,28.1,0.822,54.9,217.0,Bus,32.0,33.76,0
VG-SES-034258,2.0,60.0,2,CCS2,Gachibowli,15,3,0,31.3,0.533,38.9,4.3,2W,255.0,2.29,0
VG-SES-003801,6.0,150.0,4,GB/T,Secunderabad,18,1,0,27.0,0.706,17.5,2.7,2W,47.0,0.53,0
VG-SES-030162,3.0,30.0,2,Type2 AC,Secunderabad,16,1,0,30.3,0.56,62.0,9.1,3W,182.0,3.25,0
VG-SES-028098,4.0,150.0,3,CCS2,Uppal,22,3,0,31.9,0.696,55.2,35.3,4W,18.0,2.05,0
VG-SES-038312,5.0,60.0,3,CCS2,Kukatpally,9,4,0,30.4,0.71,50.9,2.8,2W,115.0,1.41,0
VG-SES-001217,4.0,30.0,4,Bharat AC-001,Gachibowli,20,4,0,21.7,0.86,35.5,34.0,4W,304.0,0.0,1
VG-SES-028557,3.0,150.0,5,CCS2,Kukatpally,20,0,0,34.0,0.71,40.7,276.5,Bus,30.0,39.47,0
VG-SES-013927,6.0,30.0,4,Bharat DC-001,Uppal,9,1,0,30.3,0.642,52.2,4.2,2W,107.0,1.71,0
VG-SES-034219,5.0,30.0,1,Type2 AC,Secunderabad,0,3,0,22.2,0.49,8.0,39.3,4W,692.0,13.14,0
VG-SES-000141,2.0,180.0,8,CHAdeMO,Madhapur,13,1,0,21.5,0.583,73.2,2.9,2W,64.0,0.78,0
VG-SES-026834,3.0,30.0,1,Bharat AC-001,Uppal,1,5,1,26.6,0.476,74.9,4.2,2W,588.0,1.04,0
VG-SES-019532,6.0,150.0,4,GB/T,Secunderabad,18,3,0,42.2,0.764,49.6,44.8,4W,16.0,4.62,0
VG-SES-040927,7.0,30.0,2,Bharat AC-001,Kukatpally,5,1,0,25.8,0.54,72.9,54.7,4W,201.0,5.48,0
VG-SES-023298,4.0,60.0,3,Type2 AC,Madhapur,8,2,0,38.5,0.599,16.2,39.3,4W,144.0,21.49,0
VG-SES-041841,3.0,150.0,5,CCS2,Kukatpally,20,6,1,23.5,0.774,36.2,2.4,2W,36.0,0.03,0
VG-SES-022466,2.0,60.0,2,CCS2,Gachibowli,10,0,0,32.0,0.625,43.7,3.9,2W,166.0,1.95,0
VG-SES-007672,7.0,30.0,2,Bharat AC-001,Kukatpally,19,6,1,22.9,0.706,25.7,2.4,2W,331.0,1.11,0
VG-SES-043595,5.0,180.0,5,CHAdeMO,Gachibowli,18,5,1,37.7,0.717,33.3,6.2,3W,32.0,0.0,1
VG-SES-030262,4.0,150.0,3,CCS2,Uppal,21,3,0,35.2,0.748,15.4,2.6,2W,13.0,0.15,0
VG-SES-044134,2.0,180.0,8,CHAdeMO,Madhapur,7,4,0,31.4,0.586,19.9,3.5,2W,44.0,0.24,0
VG-SES-003974,4.0,30.0,4,Bharat AC-001,Gachibowli,0,5,1,32.7,0.367,34.1,3.5,2W,450.0,0.68,0
VG-SES-034911,6.0,30.0,3,Type2 AC,Madhapur,21,2,0,23.8,0.735,21.4,67.9,4W,310.0,30.78,0
VG-SES-020215,3.0,150.0,5,CCS2,Kukatpally,20,4,0,28.3,0.813,52.5,2.8,2W,31.0,0.4,0
VG-SES-003269,7.0,30.0,4,Type2 AC,Gachibowli,11,3,0,28.1,0.587,31.7,72.5,4W,67.0,27.65,0
VG-SES-031418,3.0,30.0,2,Type2 AC,Secunderabad,14,3,0,39.7,0.577,22.3,3.5,2W,151.0,0.7,0
VG-SES-032298,4.0,30.0,4,Bharat AC-001,Gachibowli,23,5,1,26.2,0.57,15.3,31.0,4W,551.0,10.92,0
VG-SES-038535,7.0,30.0,4,Type2 AC,Gachibowli,17,1,0,37.0,0.703,58.1,11.9,3W,201.0,2.24,0
VG-SES-010983,5.0,60.0,3,CCS2,Kukatpally,17,0,0,29.8,0.741,40.2,3.1,2W,146.0,1.9,0
VG-SES-016817,7.0,120.0,7,CCS2,Madhapur,18,3,0,24.9,0.756,31.1,10.4,3W,24.0,1.1,0
VG-SES-026284,7.0,30.0,4,Type2 AC,Gachibowli,9,6,1,26.6,0.574,38.5,198.5,Bus,98.0,46.08,0
VG-SES-014486,6.0,150.0,4,GB/T,Secunderabad,6,4,0,32.2,0.583,53.7,40.4,4W,58.0,14.58,0
VG-SES-029894,7.0,30.0,2,Bharat AC-001,Kukatpally,21,5,1,34.3,0.678,26.6,56.8,4W,101.0,0.0,1
VG-SES-016798,3.0,30.0,1,Bharat AC-001,Uppal,23,5,1,30.9,0.554,28.1,61.6,4W,193.0,28.79,0
VG-SES-029767,4.0,30.0,4,Bharat AC-001,Gachibowli,2,5,1,22.5,0.404,44.0,28.0,4W,249.0,12.7,0
VG-SES-002383,4.0,60.0,3,Type2 AC,Madhapur,10,6,1,30.8,0.631,14.9,42.0,4W,148.0,21.28,0
VG-SES-027437,7.0,30.0,4,Type2 AC,Gachibowli,8,5,1,18.0,0.581,42.2,3.2,2W,72.0,0.99,0
VG-SES-039034,6.0,30.0,4,Bharat DC-001,Uppal,8,3,0,31.7,0.604,35.3,9.6,3W,175.0,3.06,0
VG-SES-044354,5.0,60.0,3,CCS2,Kukatpally,8,1,0,28.2,0.664,54.9,3.1,2W,174.0,0.32,0
VG-SES-031522,2.0,180.0,8,CHAdeMO,Madhapur,18,1,0,34.3,0.713,44.7,4.0,2W,28.0,0.23,0
VG-SES-005036,7.0,30.0,4,Type2 AC,Gachibowli,8,6,1,26.1,0.546,17.7,10.0,3W,109.0,1.83,0
VG-SES-041484,2.0,60.0,2,CCS2,Gachibowli,11,6,1,29.7,0.559,24.4,2.4,2W,138.0,1.35,0
VG-SES-001258,6.0,30.0,3,Type2 AC,Madhapur,0,6,1,22.0,0.496,19.7,10.0,3W,628.0,6.0,0
VG-SES-007003,4.0,30.0,4,Bharat AC-001,Gachibowli,21,1,0,29.3,0.787,21.9,3.9,2W,252.0,0.0,1
VG-SES-003761,4.0,30.0,4,Bharat AC-001,Gachibowli,0,2,0,25.4,0.473,61.3,69.5,4W,476.0,22.89,0
VG-SES-011105,4.0,150.0,3,CCS2,Uppal,12,6,1,34.8,0.461,42.9,3.8,2W,21.0,0.36,0
VG-SES-026725,7.0,30.0,4,Type2 AC,Gachibowli,15,0,0,37.8,0.6,52.4,4.4,2W,138.0,0.96,0
VG-SES-038302,7.0,30.0,2,Bharat AC-001,Kukatpally,5,2,0,26.3,0.56,17.0,8.9,3W,334.0,2.36,0
VG-SES-024842,5.0,30.0,1,Type2 AC,Secunderabad,23,1,0,14.8,0.562,48.1,42.8,4W,412.0,10.87,0
VG-SES-005631,2.0,15.0,1,Type2 AC,Kukatpally,23,2,0,31.5,0.655,37.1,3.5,2W,335.0,1.31,0
VG-SES-020183,4.0,30.0,4,Bharat AC-001,Gachibowli,22,1,0,34.4,0.738,25.0,66.3,4W,344.0,31.97,0
VG-SES-037614,4.0,60.0,3,Type2 AC,Madhapur,11,3,0,28.3,0.575,22.8,2.2,2W,145.0,1.15,0
VG-SES-014628,6.0,150.0,4,GB/T,Secunderabad,21,1,0,20.7,0.716,43.4,68.3,4W,12.0,0.0,1
VG-SES-018826,6.0,30.0,3,Type2 AC,Madhapur,20,0,0,34.2,0.837,43.2,307.7,Bus,240.0,26.91,0
VG-SES-013724,7.0,30.0,2,Bharat AC-001,Kukatpally,0,6,1,32.5,0.452,11.1,28.0,4W,251.0,14.51,0
VG-SES-019533,7.0,30.0,4,Type2 AC,Gachibowli,9,5,1,32.0,0.602,40.3,3.8,2W,259.0,1.59,0
VG-SES-043608,6.0,150.0,4,GB/T,Secunderabad,22,2,0,24.2,0.586,57.6,53.7,4W,26.0,9.34,0
VG-SES-005546,7.0,30.0,4,Type2 AC,Gachibowli,16,6,1,26.1,0.614,86.5,9.8,3W,284.0,1.03,0
VG-SES-032009,3.0,30.0,2,Type2 AC,Secunderabad,10,1,0,25.4,0.624,53.5,3.5,2W,127.0,1.26,0
VG-SES-024647,6.0,30.0,4,Bharat DC-001,Uppal,15,3,0,32.8,0.561,22.3,7.0,3W,209.0,1.52,0
VG-SES-023599,3.0,150.0,5,CCS2,Kukatpally,21,0,0,29.4,0.786,13.6,3.0,2W,13.0,0.17,0
VG-SES-039335,7.0,30.0,4,Type2 AC,Gachibowli,9,3,0,37.4,0.595,44.9,4.3,2W,108.0,1.59,0
VG-SES-002646,5.0,180.0,5,CHAdeMO,Gachibowli,19,3,0,26.4,0.887,51.8,55.9,4W,50.0,17.78,0
VG-SES-022450,6.0,30.0,4,Bharat DC-001,Uppal,8,4,0,17.5,0.636,47.1,8.9,3W,167.0,4.94,0
VG-SES-020711,3.0,150.0,5,CCS2,Kukatpally,18,5,1,22.9,0.712,66.2,2.6,2W,31.0,0.08,0
VG-SES-008044,5.0,30.0,1,Type2 AC,Secunderabad,22,2,0,18.3,0.689,26.6,3.8,2W,767.0,2.13,0
VG-SES-028805,7.0,30.0,4,Type2 AC,Gachibowli,8,6,1,25.3,0.599,14.2,48.4,4W,188.0,25.26,0
VG-SES-031491,4.0,150.0,3,CCS2,Uppal,8,6,1,35.2,0.542,31.8,39.3,4W,29.0,0.0,1
VG-SES-034790,5.0,30.0,1,Type2 AC,Secunderabad,22,4,0,33.0,0.662,47.9,29.8,4W,253.0,6.2,0
VG-SES-021793,4.0,60.0,3,Type2 AC,Madhapur,8,2,0,28.5,0.649,63.3,35.9,4W,118.0,8.93,0
VG-SES-031525,5.0,60.0,3,CCS2,Kukatpally,8,1,0,26.2,0.62,49.9,228.2,Bus,159.0,0.0,1
VG-SES-033949,2.0,60.0,2,CCS2,Gachibowli,14,5,1,35.7,0.447,48.5,228.2,Bus,212.0,118.49,0
VG-SES-038003,3.0,30.0,2,Type2 AC,Secunderabad,8,2,0,29.0,0.586,20.1,2.2,2W,76.0,0.55,0
VG-SES-026008,6.0,30.0,4,Bharat DC-001,Uppal,14,2,0,25.1,0.559,12.2,3.9,2W,102.0,0.81,0
VG-SES-021136,7.0,30.0,2,Bharat AC-001,Kukatpally,19,6,1,25.0,0.736,52.3,70.1,4W,374.0,32.03,0
VG-SES-007987,6.0,30.0,4,Bharat DC-001,Uppal,8,6,1,29.2,0.517,79.4,8.5,3W,82.0,1.74,0
VG-SES-030321,5.0,30.0,1,Type2 AC,Secunderabad,23,5,1,26.3,0.586,36.7,36.9,4W,630.0,1.68,0
VG-SES-043048,5.0,30.0,1,Type2 AC,Secunderabad,23,1,0,35.3,0.626,45.4,3.2,2W,555.0,1.13,0
VG-SES-002555,2.0,60.0,2,CCS2,Gachibowli,8,4,0,26.2,0.593,71.7,3.8,2W,167.0,1.03,0
VG-SES-006379,3.0,30.0,1,Bharat AC-001,Uppal,21,5,1,19.1,0.716,33.1,3.2,2W,299.0,0.44,0
VG-SES-009136,3.0,30.0,2,Type2 AC,Secunderabad,9,3,0,28.0,0.675,41.5,3.1,2W,122.0,0.72,0
VG-SES-040238,7.0,30.0,4,Type2 AC,Gachibowli,15,5,1,40.4,0.481,58.3,4.1,2W,127.0,0.38,0
VG-SES-005349,2.0,60.0,2,CCS2,Gachibowli,10,1,0,36.0,0.642,60.9,65.5,4W,276.0,25.29,0
VG-SES-005067,7.0,30.0,2,Bharat AC-001,Kukatpally,22,4,0,18.2,0.673,27.5,64.1,4W,348.0,5.51,0
VG-SES-014076,3.0,150.0,5,CCS2,Kukatpally,11,0,0,36.5,0.628,20.6,7.6,3W,61.0,2.01,0
VG-SES-031330,5.0,30.0,1,Type2 AC,Secunderabad,2,6,1,21.4,0.423,34.7,2.1,2W,467.0,0.94,0
VG-SES-031673,2.0,15.0,1,Type2 AC,Kukatpally,5,0,0,26.4,0.579,22.8,39.0,4W,455.0,18.38,0
VG-SES-027558,4.0,60.0,3,Type2 AC,Madhapur,15,2,0,32.7,0.568,7.3,47.3,4W,89.0,8.77,0
VG-SES-036024,4.0,30.0,4,Bharat AC-001,Gachibowli,23,6,1,33.9,0.59,50.9,39.0,4W,470.0,16.25,0
VG-SES-014894,3.0,30.0,1,Bharat AC-001,Uppal,21,3,0,35.0,0.71,50.9,3.3,2W,370.0,0.0,1
VG-SES-039220,3.0,30.0,2,Type2 AC,Secunderabad,17,2,0,28.4,0.637,16.7,2.5,2W,248.0,1.18,0
VG-SES-028579,6.0,150.0,4,GB/T,Secunderabad,8,4,0,26.9,0.603,27.9,2.1,2W,28.0,0.27,0
VG-SES-009007,5.0,180.0,5,CHAdeMO,Gachibowli,7,0,0,29.3,0.578,69.1,10.5,3W,37.0,1.59,0
VG-SES-026200,7.0,30.0,2,Bharat AC-001,Kukatpally,21,0,0,27.2,0.707,22.7,36.7,4W,779.0,18.85,0
VG-SES-028981,6.0,30.0,4,Bharat DC-001,Uppal,9,3,0,36.6,0.638,67.6,36.0,4W,119.0,10.94,0
VG-SES-025494,2.0,180.0,8,CHAdeMO,Madhapur,21,4,0,34.5,0.76,56.3,27.2,4W,37.0,7.05,0
VG-SES-019627,7.0,30.0,2,Bharat AC-001,Kukatpally,19,3,0,38.6,0.784,19.5,39.0,4W,377.0,7.44,0
VG-SES-039160,7.0,120.0,7,CCS2,Madhapur,19,4,0,32.1,0.827,24.5,63.0,4W,18.0,7.54,0
VG-SES-029601,5.0,60.0,3,CCS2,Kukatpally,8,2,0,29.2,0.585,28.2,268.0,Bus,170.0,111.4,0
VG-SES-002997,4.0,30.0,4,Bharat AC-001,Gachibowli,21,5,1,33.8,0.745,64.6,4.0,2W,227.0,0.88,0
VG-SES-018671,6.0,150.0,4,GB/T,Secunderabad,22,5,1,22.5,0.675,27.0,44.8,4W,24.0,7.92,0
VG-SES-016661,7.0,120.0,7,CCS2,Madhapur,7,3,0,24.3,0.597,18.6,7.5,3W,34.0,1.25,0
VG-SES-023945,5.0,30.0,1,Type2 AC,Secunderabad,19,3,0,31.1,0.831,40.6,3.1,2W,452.0,1.38,0
VG-SES-007747,6.0,30.0,3,Type2 AC,Madhapur,1,3,0,22.3,0.49,22.4,3.2,2W,275.0,1.17,0
VG-SES-044261,4.0,60.0,3,Type2 AC,Madhapur,8,3,0,22.2,0.58,33.0,38.6,4W,105.0,14.86,0
VG-SES-037443,5.0,180.0,5,CHAdeMO,Gachibowli,8,5,1,29.9,0.604,62.7,72.6,4W,41.0,16.91,0
VG-SES-000132,6.0,30.0,4,Bharat DC-001,Uppal,9,2,0,26.3,0.632,19.8,4.1,2W,146.0,1.09,0
VG-SES-022945,7.0,30.0,4,Type2 AC,Gachibowli,9,0,0,28.1,0.658,43.0,7.3,3W,214.0,3.92,0
VG-SES-038510,7.0,30.0,4,Type2 AC,Gachibowli,8,3,0,28.8,0.576,25.3,60.8,4W,266.0,29.38,0
VG-SES-041310,3.0,30.0,2,Type2 AC,Secunderabad,17,2,0,37.2,0.705,56.0,4.1,2W,244.0,0.71,0
VG-SES-044410,5.0,60.0,3,CCS2,Kukatpally,8,1,0,33.5,0.674,11.6,11.7,3W,177.0,5.7,0
VG-SES-035392,4.0,30.0,4,Bharat AC-001,Gachibowli,21,2,0,18.3,0.708,18.1,32.8,4W,257.0,21.64,0
VG-SES-036098,5.0,30.0,1,Type2 AC,Secunderabad,6,3,0,34.5,0.484,42.8,11.5,3W,190.0,4.86,0
VG-SES-011977,5.0,60.0,3,CCS2,Kukatpally,15,2,0,37.2,0.568,30.0,67.9,4W,104.0,42.39,0
VG-SES-035518,6.0,30.0,4,Bharat DC-001,Uppal,9,2,0,24.7,0.681,17.9,6.3,3W,194.0,1.04,0
VG-SES-026011,4.0,150.0,3,CCS2,Uppal,7,0,0,22.8,0.581,63.2,3.4,2W,20.0,0.26,0
VG-SES-034207,3.0,30.0,2,Type2 AC,Secunderabad,14,4,0,33.2,0.514,44.7,64.1,4W,143.0,13.88,0
VG-SES-033225,3.0,30.0,2,Type2 AC,Secunderabad,17,2,0,31.3,0.706,21.9,62.6,4W,183.0,17.39,0
VG-SES-009796,7.0,30.0,2,Bharat AC-001,Kukatpally,22,2,0,23.0,0.686,37.5,45.7,4W,536.0,11.95,0
VG-SES-033816,4.0,30.0,4,Bharat AC-001,Gachibowli,20,2,0,38.1,0.807,35.1,52.2,4W,417.0,32.17,0
VG-SES-011134,4.0,150.0,3,CCS2,Uppal,7,0,0,35.5,0.656,23.7,33.7,4W,20.0,5.17,0
VG-SES-044990,7.0,30.0,4,Type2 AC,Gachibowli,9,4,0,23.7,0.614,49.0,4.0,2W,360.0,1.0,0
VG-SES-027392,2.0,15.0,1,Type2 AC,Kukatpally,20,5,1,35.5,0.797,38.7,3.6,2W,222.0,1.53,0
VG-SES-035886,3.0,150.0,5,CCS2,Kukatpally,18,4,0,40.0,0.783,49.8,2.5,2W,54.0,0.53,0
VG-SES-030100,7.0,120.0,7,CCS2,Madhapur,19,1,0,34.8,0.87,58.0,3.0,2W,20.0,0.28,0
VG-SES-017738,3.0,30.0,1,Bharat AC-001,Uppal,23,2,0,28.1,0.602,70.9,3.9,2W,355.0,0.4,0
VG-SES-016866,2.0,15.0,1,Type2 AC,Kukatpally,2,4,0,16.1,0.523,40.5,44.0,4W,291.0,9.32,0
VG-SES-000541,7.0,30.0,4,Type2 AC,Gachibowli,14,1,0,25.8,0.544,33.2,6.0,3W,113.0,1.17,0
VG-SES-037097,5.0,180.0,5,CHAdeMO,Gachibowli,21,4,0,21.4,0.738,10.7,2.7,2W,14.0,0.17,0
VG-SES-035930,2.0,180.0,8,CHAdeMO,Madhapur,8,0,0,27.0,0.635,42.2,67.5,4W,20.0,9.48,0
VG-SES-020723,7.0,30.0,4,Type2 AC,Gachibowli,9,0,0,34.8,0.665,63.0,2.2,2W,159.0,0.59,0
VG-SES-020989,2.0,180.0,8,CHAdeMO,Madhapur,21,6,1,34.1,0.684,27.5,30.6,4W,37.0,7.63,0
VG-SES-039906,3.0,30.0,2,Type2 AC,Secunderabad,8,5,1,29.5,0.557,40.6,51.0,4W,256.0,32.31,0
VG-SES-009913,4.0,60.0,3,Type2 AC,Madhapur,9,4,0,27.6,0.727,52.9,187.9,Bus,215.0,83.53,0
VG-SES-019931,2.0,180.0,8,CHAdeMO,Madhapur,12,5,1,37.3,0.524,44.3,35.1,4W,11.0,2.82,0
VG-SES-009840,7.0,30.0,2,Bharat AC-001,Kukatpally,23,5,1,35.5,0.56,10.2,3.1,2W,227.0,1.29,0
VG-SES-030867,7.0,30.0,2,Bharat AC-001,Kukatpally,19,4,0,38.4,0.85,21.4,57.7,4W,319.0,0.0,1
VG-SES-038882,6.0,150.0,4,GB/T,Secunderabad,6,4,0,30.0,0.543,22.0,57.2,4W,25.0,10.08,0
VG-SES-031686,4.0,150.0,3,CCS2,Uppal,19,5,1,31.4,0.787,42.7,8.5,4W,39.0,2.21,0
VG-SES-002067,6.0,30.0,4,Bharat DC-001,Uppal,8,0,0,28.4,0.597,35.7,3.3,2W,58.0,0.0,1
VG-SES-009289,7.0,30.0,4,Type2 AC,Gachibowli,17,3,0,41.8,0.695,37.7,2.6,2W,154.0,0.7,0
VG-SES-022640,2.0,15.0,1,Type2 AC,Kukatpally,1,3,0,18.8,0.601,44.1,4.0,2W,358.0,1.78,0
VG-SES-021877,2.0,180.0,8,CHAdeMO,Madhapur,8,2,0,34.5,0.6,15.5,3.7,2W,74.0,0.33,0
VG-SES-011162,4.0,30.0,4,Bharat AC-001,Gachibowli,20,2,0,34.4,0.791,47.4,2.4,2W,319.0,1.23,0
VG-SES-042052,3.0,30.0,2,Type2 AC,Secunderabad,16,3,0,40.1,0.688,52.4,2.7,2W,294.0,0.73,0
VG-SES-030759,4.0,150.0,3,CCS2,Uppal,7,1,0,22.9,0.584,19.9,4.3,2W,79.0,1.31,0
VG-SES-021831,6.0,30.0,4,Bharat DC-001,Uppal,8,5,1,29.5,0.631,78.6,3.8,2W,227.0,0.77,0
VG-SES-034269,6.0,30.0,3,Type2 AC,Madhapur,23,6,1,20.5,0.57,45.1,34.0,4W,234.0,17.56,0
VG-SES-023209,6.0,30.0,3,Type2 AC,Madhapur,2,5,1,16.7,0.474,44.8,3.6,2W,314.0,1.12,0
VG-SES-032053,4.0,30.0,4,Bharat AC-001,Gachibowli,21,2,0,37.9,0.83,40.3,57.6,4W,384.0,0.0,1
VG-SES-040517,3.0,30.0,2,Type2 AC,Secunderabad,11,0,0,32.9,0.659,23.8,3.6,2W,202.0,1.67,0
VG-SES-000898,7.0,30.0,2,Bharat AC-001,Kukatpally,22,4,0,22.1,0.751,34.9,9.8,3W,378.0,3.38,0
VG-SES-002905,3.0,30.0,2,Type2 AC,Secunderabad,16,5,1,40.5,0.512,38.4,2.9,2W,147.0,0.25,0
VG-SES-000069,7.0,30.0,2,Bharat AC-001,Kukatpally,5,0,0,24.8,0.501,44.7,3.9,2W,254.0,0.99,0
